<?xml version="1.0" encoding="UTF-8"?>
<gpx version="1.1" creator="Calpe Sendas Map"
  xmlns="http://www.topografix.com/GPX/1/1"
  xmlns:xsi="http://www.w3.org/2001/XMLSchema-instance"
  xsi:schemaLocation="http://www.topografix.com/GPX/1/1 http://www.topografix.com/GPX/1/1/gpx.xsd">
  <metadata>
    <name>Grand Tour de Calp</name>
    <desc>Ermita de la Cometa → Magenta → Red → Dit d'Oltà (590m) → La Mola (538m) → Lima → Yellow → Magenta → Ermita. 25.2 km, +1255 m</desc>
    <time>2026-05-10T14:33:13Z</time>
  </metadata>
  <trk>
    <name>Grand Tour de Calp</name>
    <trkseg>
      <trkpt lat="38.6682170" lon="0.0631850"><ele>86.0</ele></trkpt>
      <trkpt lat="38.6681050" lon="0.0631330"><ele>82.0</ele></trkpt>
      <trkpt lat="38.6679420" lon="0.0632250"><ele>79.0</ele></trkpt>
      <trkpt lat="38.6678370" lon="0.0631470"><ele>74.0</ele></trkpt>
      <trkpt lat="38.6677810" lon="0.0630420"><ele>71.0</ele></trkpt>
      <trkpt lat="38.6677810" lon="0.0630420"><ele>71.0</ele></trkpt>
      <trkpt lat="38.6677430" lon="0.0629120"><ele>70.0</ele></trkpt>
      <trkpt lat="38.6677740" lon="0.0628360"><ele>70.0</ele></trkpt>
      <trkpt lat="38.6678690" lon="0.0626080"><ele>70.0</ele></trkpt>
      <trkpt lat="38.6679190" lon="0.0624530"><ele>69.0</ele></trkpt>
      <trkpt lat="38.6679270" lon="0.0623120"><ele>68.0</ele></trkpt>
      <trkpt lat="38.6679370" lon="0.0614090"><ele>57.0</ele></trkpt>
      <trkpt lat="38.6679500" lon="0.0612650"><ele>54.0</ele></trkpt>
      <trkpt lat="38.6680360" lon="0.0607830"><ele>47.0</ele></trkpt>
      <trkpt lat="38.6680440" lon="0.0599660"><ele>52.0</ele></trkpt>
      <trkpt lat="38.6680580" lon="0.0599220"><ele>52.0</ele></trkpt>
      <trkpt lat="38.6678730" lon="0.0596740"><ele>51.0</ele></trkpt>
      <trkpt lat="38.6679050" lon="0.0596020"><ele>52.0</ele></trkpt>
      <trkpt lat="38.6679400" lon="0.0592210"><ele>53.0</ele></trkpt>
      <trkpt lat="38.6679760" lon="0.0586710"><ele>53.0</ele></trkpt>
      <trkpt lat="38.6679900" lon="0.0583930"><ele>54.0</ele></trkpt>
      <trkpt lat="38.6680880" lon="0.0580460"><ele>54.0</ele></trkpt>
      <trkpt lat="38.6681650" lon="0.0578310"><ele>54.0</ele></trkpt>
      <trkpt lat="38.6682850" lon="0.0574470"><ele>55.0</ele></trkpt>
      <trkpt lat="38.6684450" lon="0.0569600"><ele>60.0</ele></trkpt>
      <trkpt lat="38.6685680" lon="0.0566220"><ele>63.0</ele></trkpt>
      <trkpt lat="38.6686080" lon="0.0565520"><ele>63.0</ele></trkpt>
      <trkpt lat="38.6686680" lon="0.0565010"><ele>63.0</ele></trkpt>
      <trkpt lat="38.6687270" lon="0.0564670"><ele>62.0</ele></trkpt>
      <trkpt lat="38.6687480" lon="0.0564300"><ele>62.0</ele></trkpt>
      <trkpt lat="38.6687270" lon="0.0564180"><ele>62.0</ele></trkpt>
      <trkpt lat="38.6686600" lon="0.0563360"><ele>61.0</ele></trkpt>
      <trkpt lat="38.6686110" lon="0.0562090"><ele>60.0</ele></trkpt>
      <trkpt lat="38.6685790" lon="0.0560720"><ele>57.0</ele></trkpt>
      <trkpt lat="38.6685620" lon="0.0559730"><ele>55.0</ele></trkpt>
      <trkpt lat="38.6684990" lon="0.0558320"><ele>51.0</ele></trkpt>
      <trkpt lat="38.6684100" lon="0.0556220"><ele>47.0</ele></trkpt>
      <trkpt lat="38.6683430" lon="0.0554080"><ele>46.0</ele></trkpt>
      <trkpt lat="38.6683130" lon="0.0552540"><ele>47.0</ele></trkpt>
      <trkpt lat="38.6683280" lon="0.0551680"><ele>48.0</ele></trkpt>
      <trkpt lat="38.6683610" lon="0.0551030"><ele>49.0</ele></trkpt>
      <trkpt lat="38.6683970" lon="0.0550460"><ele>50.0</ele></trkpt>
      <trkpt lat="38.6684640" lon="0.0549630"><ele>51.0</ele></trkpt>
      <trkpt lat="38.6685760" lon="0.0548010"><ele>52.0</ele></trkpt>
      <trkpt lat="38.6686200" lon="0.0547210"><ele>52.0</ele></trkpt>
      <trkpt lat="38.6687710" lon="0.0544230"><ele>48.0</ele></trkpt>
      <trkpt lat="38.6688330" lon="0.0542970"><ele>46.0</ele></trkpt>
      <trkpt lat="38.6688950" lon="0.0541730"><ele>44.0</ele></trkpt>
      <trkpt lat="38.6689670" lon="0.0540680"><ele>44.0</ele></trkpt>
      <trkpt lat="38.6690280" lon="0.0540020"><ele>44.0</ele></trkpt>
      <trkpt lat="38.6690550" lon="0.0539380"><ele>43.0</ele></trkpt>
      <trkpt lat="38.6690790" lon="0.0538880"><ele>43.0</ele></trkpt>
      <trkpt lat="38.6691080" lon="0.0539330"><ele>43.0</ele></trkpt>
      <trkpt lat="38.6691880" lon="0.0540030"><ele>44.0</ele></trkpt>
      <trkpt lat="38.6693160" lon="0.0540540"><ele>44.0</ele></trkpt>
      <trkpt lat="38.6694210" lon="0.0540810"><ele>44.0</ele></trkpt>
      <trkpt lat="38.6694910" lon="0.0540590"><ele>44.0</ele></trkpt>
      <trkpt lat="38.6695600" lon="0.0539660"><ele>43.0</ele></trkpt>
      <trkpt lat="38.6696800" lon="0.0537330"><ele>44.0</ele></trkpt>
      <trkpt lat="38.6698090" lon="0.0534090"><ele>44.0</ele></trkpt>
      <trkpt lat="38.6698810" lon="0.0533020"><ele>44.0</ele></trkpt>
      <trkpt lat="38.6699580" lon="0.0532450"><ele>44.0</ele></trkpt>
      <trkpt lat="38.6701520" lon="0.0531430"><ele>46.0</ele></trkpt>
      <trkpt lat="38.6705240" lon="0.0529770"><ele>50.0</ele></trkpt>
      <trkpt lat="38.6706980" lon="0.0529140"><ele>50.0</ele></trkpt>
      <trkpt lat="38.6708570" lon="0.0528780"><ele>49.0</ele></trkpt>
      <trkpt lat="38.6709820" lon="0.0528220"><ele>48.0</ele></trkpt>
      <trkpt lat="38.6710570" lon="0.0527780"><ele>48.0</ele></trkpt>
      <trkpt lat="38.6711710" lon="0.0527520"><ele>48.0</ele></trkpt>
      <trkpt lat="38.6714180" lon="0.0527250"><ele>50.0</ele></trkpt>
      <trkpt lat="38.6714990" lon="0.0527430"><ele>51.0</ele></trkpt>
      <trkpt lat="38.6716050" lon="0.0528020"><ele>53.0</ele></trkpt>
      <trkpt lat="38.6717770" lon="0.0528780"><ele>57.0</ele></trkpt>
      <trkpt lat="38.6719130" lon="0.0529190"><ele>59.0</ele></trkpt>
      <trkpt lat="38.6719680" lon="0.0528950"><ele>59.0</ele></trkpt>
      <trkpt lat="38.6722970" lon="0.0526770"><ele>61.0</ele></trkpt>
      <trkpt lat="38.6723810" lon="0.0526280"><ele>62.0</ele></trkpt>
      <trkpt lat="38.6724450" lon="0.0515990"><ele>48.0</ele></trkpt>
      <trkpt lat="38.6717530" lon="0.0509070"><ele>46.0</ele></trkpt>
      <trkpt lat="38.6716430" lon="0.0507680"><ele>49.0</ele></trkpt>
      <trkpt lat="38.6715680" lon="0.0503870"><ele>52.0</ele></trkpt>
      <trkpt lat="38.6716210" lon="0.0502220"><ele>54.0</ele></trkpt>
      <trkpt lat="38.6717080" lon="0.0500050"><ele>54.0</ele></trkpt>
      <trkpt lat="38.6717770" lon="0.0495890"><ele>57.0</ele></trkpt>
      <trkpt lat="38.6718890" lon="0.0488400"><ele>62.0</ele></trkpt>
      <trkpt lat="38.6714720" lon="0.0490250"><ele>64.0</ele></trkpt>
      <trkpt lat="38.6709150" lon="0.0492760"><ele>63.0</ele></trkpt>
      <trkpt lat="38.6707350" lon="0.0493560"><ele>64.0</ele></trkpt>
      <trkpt lat="38.6704530" lon="0.0494940"><ele>65.0</ele></trkpt>
      <trkpt lat="38.6703430" lon="0.0494740"><ele>65.0</ele></trkpt>
      <trkpt lat="38.6702220" lon="0.0495020"><ele>65.0</ele></trkpt>
      <trkpt lat="38.6700970" lon="0.0495370"><ele>64.0</ele></trkpt>
      <trkpt lat="38.6699710" lon="0.0495800"><ele>63.0</ele></trkpt>
      <trkpt lat="38.6698450" lon="0.0496290"><ele>62.0</ele></trkpt>
      <trkpt lat="38.6697210" lon="0.0496840"><ele>60.0</ele></trkpt>
      <trkpt lat="38.6696000" lon="0.0497460"><ele>60.0</ele></trkpt>
      <trkpt lat="38.6694840" lon="0.0498140"><ele>59.0</ele></trkpt>
      <trkpt lat="38.6693750" lon="0.0498870"><ele>60.0</ele></trkpt>
      <trkpt lat="38.6690940" lon="0.0501830"><ele>65.0</ele></trkpt>
      <trkpt lat="38.6687380" lon="0.0505470"><ele>70.0</ele></trkpt>
      <trkpt lat="38.6685520" lon="0.0504090"><ele>73.0</ele></trkpt>
      <trkpt lat="38.6684920" lon="0.0503670"><ele>73.0</ele></trkpt>
      <trkpt lat="38.6684090" lon="0.0502880"><ele>75.0</ele></trkpt>
      <trkpt lat="38.6683700" lon="0.0502190"><ele>76.0</ele></trkpt>
      <trkpt lat="38.6683150" lon="0.0501800"><ele>76.0</ele></trkpt>
      <trkpt lat="38.6680090" lon="0.0501440"><ele>77.0</ele></trkpt>
      <trkpt lat="38.6678730" lon="0.0501230"><ele>77.0</ele></trkpt>
      <trkpt lat="38.6677360" lon="0.0500770"><ele>78.0</ele></trkpt>
      <trkpt lat="38.6675270" lon="0.0500250"><ele>77.0</ele></trkpt>
      <trkpt lat="38.6673590" lon="0.0500360"><ele>77.0</ele></trkpt>
      <trkpt lat="38.6671530" lon="0.0504190"><ele>78.0</ele></trkpt>
      <trkpt lat="38.6670860" lon="0.0505720"><ele>79.0</ele></trkpt>
      <trkpt lat="38.6670260" lon="0.0509250"><ele>80.0</ele></trkpt>
      <trkpt lat="38.6669380" lon="0.0507360"><ele>81.0</ele></trkpt>
      <trkpt lat="38.6668620" lon="0.0506180"><ele>81.0</ele></trkpt>
      <trkpt lat="38.6667290" lon="0.0505550"><ele>82.0</ele></trkpt>
      <trkpt lat="38.6666800" lon="0.0504010"><ele>80.0</ele></trkpt>
      <trkpt lat="38.6665870" lon="0.0503050"><ele>78.0</ele></trkpt>
      <trkpt lat="38.6664130" lon="0.0503290"><ele>76.0</ele></trkpt>
      <trkpt lat="38.6663410" lon="0.0506050"><ele>77.0</ele></trkpt>
      <trkpt lat="38.6662120" lon="0.0505590"><ele>74.0</ele></trkpt>
      <trkpt lat="38.6660120" lon="0.0504740"><ele>65.0</ele></trkpt>
      <trkpt lat="38.6658320" lon="0.0503240"><ele>58.0</ele></trkpt>
      <trkpt lat="38.6655480" lon="0.0501920"><ele>55.0</ele></trkpt>
      <trkpt lat="38.6653360" lon="0.0502460"><ele>55.0</ele></trkpt>
      <trkpt lat="38.6650350" lon="0.0504240"><ele>59.0</ele></trkpt>
      <trkpt lat="38.6645340" lon="0.0506990"><ele>72.0</ele></trkpt>
      <trkpt lat="38.6643870" lon="0.0506830"><ele>76.0</ele></trkpt>
      <trkpt lat="38.6642020" lon="0.0506200"><ele>79.0</ele></trkpt>
      <trkpt lat="38.6641770" lon="0.0506040"><ele>79.0</ele></trkpt>
      <trkpt lat="38.6640940" lon="0.0505660"><ele>80.0</ele></trkpt>
      <trkpt lat="38.6638600" lon="0.0505320"><ele>80.0</ele></trkpt>
      <trkpt lat="38.6636540" lon="0.0504600"><ele>81.0</ele></trkpt>
      <trkpt lat="38.6635040" lon="0.0503830"><ele>79.0</ele></trkpt>
      <trkpt lat="38.6633740" lon="0.0497710"><ele>82.0</ele></trkpt>
      <trkpt lat="38.6623590" lon="0.0485310"><ele>82.0</ele></trkpt>
      <trkpt lat="38.6621600" lon="0.0483050"><ele>80.0</ele></trkpt>
      <trkpt lat="38.6619060" lon="0.0479680"><ele>80.0</ele></trkpt>
      <trkpt lat="38.6618300" lon="0.0478440"><ele>80.0</ele></trkpt>
      <trkpt lat="38.6617510" lon="0.0477140"><ele>79.0</ele></trkpt>
      <trkpt lat="38.6617280" lon="0.0476390"><ele>79.0</ele></trkpt>
      <trkpt lat="38.6617520" lon="0.0475480"><ele>79.0</ele></trkpt>
      <trkpt lat="38.6618220" lon="0.0472860"><ele>82.0</ele></trkpt>
      <trkpt lat="38.6618520" lon="0.0467980"><ele>85.0</ele></trkpt>
      <trkpt lat="38.6619080" lon="0.0465140"><ele>87.0</ele></trkpt>
      <trkpt lat="38.6617540" lon="0.0463130"><ele>87.0</ele></trkpt>
      <trkpt lat="38.6616690" lon="0.0462000"><ele>87.0</ele></trkpt>
      <trkpt lat="38.6616720" lon="0.0458400"><ele>86.0</ele></trkpt>
      <trkpt lat="38.6616840" lon="0.0457280"><ele>84.0</ele></trkpt>
      <trkpt lat="38.6617380" lon="0.0455750"><ele>81.0</ele></trkpt>
      <trkpt lat="38.6617450" lon="0.0454220"><ele>78.0</ele></trkpt>
      <trkpt lat="38.6617720" lon="0.0451680"><ele>73.0</ele></trkpt>
      <trkpt lat="38.6618560" lon="0.0450430"><ele>73.0</ele></trkpt>
      <trkpt lat="38.6619480" lon="0.0445920"><ele>75.0</ele></trkpt>
      <trkpt lat="38.6616390" lon="0.0442310"><ele>73.0</ele></trkpt>
      <trkpt lat="38.6615890" lon="0.0440830"><ele>74.0</ele></trkpt>
      <trkpt lat="38.6613960" lon="0.0439280"><ele>74.0</ele></trkpt>
      <trkpt lat="38.6611340" lon="0.0435870"><ele>73.0</ele></trkpt>
      <trkpt lat="38.6609740" lon="0.0434360"><ele>71.0</ele></trkpt>
      <trkpt lat="38.6608980" lon="0.0432800"><ele>71.0</ele></trkpt>
      <trkpt lat="38.6608030" lon="0.0431680"><ele>71.0</ele></trkpt>
      <trkpt lat="38.6607840" lon="0.0430670"><ele>72.0</ele></trkpt>
      <trkpt lat="38.6607100" lon="0.0429730"><ele>72.0</ele></trkpt>
      <trkpt lat="38.6606480" lon="0.0428390"><ele>74.0</ele></trkpt>
      <trkpt lat="38.6606000" lon="0.0427360"><ele>75.0</ele></trkpt>
      <trkpt lat="38.6605780" lon="0.0426890"><ele>75.0</ele></trkpt>
      <trkpt lat="38.6605390" lon="0.0426040"><ele>75.0</ele></trkpt>
      <trkpt lat="38.6604930" lon="0.0425040"><ele>74.0</ele></trkpt>
      <trkpt lat="38.6604600" lon="0.0424350"><ele>73.0</ele></trkpt>
      <trkpt lat="38.6603350" lon="0.0421750"><ele>69.0</ele></trkpt>
      <trkpt lat="38.6600170" lon="0.0420330"><ele>64.0</ele></trkpt>
      <trkpt lat="38.6598800" lon="0.0418580"><ele>60.0</ele></trkpt>
      <trkpt lat="38.6599990" lon="0.0414940"><ele>58.0</ele></trkpt>
      <trkpt lat="38.6599820" lon="0.0412850"><ele>57.0</ele></trkpt>
      <trkpt lat="38.6597880" lon="0.0409880"><ele>53.0</ele></trkpt>
      <trkpt lat="38.6595640" lon="0.0408520"><ele>50.0</ele></trkpt>
      <trkpt lat="38.6594260" lon="0.0409130"><ele>48.0</ele></trkpt>
      <trkpt lat="38.6582970" lon="0.0410920"><ele>36.0</ele></trkpt>
      <trkpt lat="38.6582400" lon="0.0411210"><ele>35.0</ele></trkpt>
      <trkpt lat="38.6579500" lon="0.0412010"><ele>33.0</ele></trkpt>
      <trkpt lat="38.6578480" lon="0.0412320"><ele>31.0</ele></trkpt>
      <trkpt lat="38.6577390" lon="0.0413040"><ele>30.0</ele></trkpt>
      <trkpt lat="38.6576310" lon="0.0413420"><ele>29.0</ele></trkpt>
      <trkpt lat="38.6575050" lon="0.0414810"><ele>28.0</ele></trkpt>
      <trkpt lat="38.6574050" lon="0.0415460"><ele>28.0</ele></trkpt>
      <trkpt lat="38.6572730" lon="0.0416660"><ele>27.0</ele></trkpt>
      <trkpt lat="38.6571600" lon="0.0417290"><ele>28.0</ele></trkpt>
      <trkpt lat="38.6569140" lon="0.0419010"><ele>30.0</ele></trkpt>
      <trkpt lat="38.6568480" lon="0.0419380"><ele>30.0</ele></trkpt>
      <trkpt lat="38.6567930" lon="0.0419210"><ele>31.0</ele></trkpt>
      <trkpt lat="38.6566670" lon="0.0417920"><ele>33.0</ele></trkpt>
      <trkpt lat="38.6566030" lon="0.0417560"><ele>34.0</ele></trkpt>
      <trkpt lat="38.6565120" lon="0.0417690"><ele>34.0</ele></trkpt>
      <trkpt lat="38.6563310" lon="0.0418320"><ele>34.0</ele></trkpt>
      <trkpt lat="38.6562630" lon="0.0418670"><ele>34.0</ele></trkpt>
      <trkpt lat="38.6562050" lon="0.0419270"><ele>34.0</ele></trkpt>
      <trkpt lat="38.6561360" lon="0.0419910"><ele>33.0</ele></trkpt>
      <trkpt lat="38.6560360" lon="0.0420340"><ele>34.0</ele></trkpt>
      <trkpt lat="38.6557290" lon="0.0422040"><ele>37.0</ele></trkpt>
      <trkpt lat="38.6554330" lon="0.0423640"><ele>37.0</ele></trkpt>
      <trkpt lat="38.6552130" lon="0.0424700"><ele>36.0</ele></trkpt>
      <trkpt lat="38.6550840" lon="0.0424900"><ele>35.0</ele></trkpt>
      <trkpt lat="38.6549050" lon="0.0425220"><ele>35.0</ele></trkpt>
      <trkpt lat="38.6549980" lon="0.0425840"><ele>34.0</ele></trkpt>
      <trkpt lat="38.6551120" lon="0.0426960"><ele>34.0</ele></trkpt>
      <trkpt lat="38.6551900" lon="0.0427970"><ele>34.0</ele></trkpt>
      <trkpt lat="38.6552450" lon="0.0429120"><ele>33.0</ele></trkpt>
      <trkpt lat="38.6552760" lon="0.0430340"><ele>33.0</ele></trkpt>
      <trkpt lat="38.6553300" lon="0.0434960"><ele>30.0</ele></trkpt>
      <trkpt lat="38.6553150" lon="0.0435920"><ele>29.0</ele></trkpt>
      <trkpt lat="38.6552070" lon="0.0437910"><ele>26.0</ele></trkpt>
      <trkpt lat="38.6549620" lon="0.0442090"><ele>23.0</ele></trkpt>
      <trkpt lat="38.6549200" lon="0.0442790"><ele>24.0</ele></trkpt>
      <trkpt lat="38.6549120" lon="0.0443470"><ele>24.0</ele></trkpt>
      <trkpt lat="38.6549210" lon="0.0444070"><ele>25.0</ele></trkpt>
      <trkpt lat="38.6550240" lon="0.0445740"><ele>25.0</ele></trkpt>
      <trkpt lat="38.6551070" lon="0.0447520"><ele>26.0</ele></trkpt>
      <trkpt lat="38.6551950" lon="0.0448360"><ele>25.0</ele></trkpt>
      <trkpt lat="38.6553470" lon="0.0449470"><ele>25.0</ele></trkpt>
      <trkpt lat="38.6553740" lon="0.0450430"><ele>24.0</ele></trkpt>
      <trkpt lat="38.6553510" lon="0.0451950"><ele>23.0</ele></trkpt>
      <trkpt lat="38.6553210" lon="0.0452810"><ele>22.0</ele></trkpt>
      <trkpt lat="38.6552470" lon="0.0453960"><ele>20.0</ele></trkpt>
      <trkpt lat="38.6551300" lon="0.0455200"><ele>20.0</ele></trkpt>
      <trkpt lat="38.6549880" lon="0.0456420"><ele>20.0</ele></trkpt>
      <trkpt lat="38.6547960" lon="0.0457690"><ele>18.0</ele></trkpt>
      <trkpt lat="38.6546110" lon="0.0458490"><ele>17.0</ele></trkpt>
      <trkpt lat="38.6544270" lon="0.0458110"><ele>16.0</ele></trkpt>
      <trkpt lat="38.6542770" lon="0.0458870"><ele>16.0</ele></trkpt>
      <trkpt lat="38.6541270" lon="0.0459390"><ele>17.0</ele></trkpt>
      <trkpt lat="38.6540110" lon="0.0460240"><ele>18.0</ele></trkpt>
      <trkpt lat="38.6539200" lon="0.0461350"><ele>19.0</ele></trkpt>
      <trkpt lat="38.6538860" lon="0.0462210"><ele>19.0</ele></trkpt>
      <trkpt lat="38.6538730" lon="0.0462950"><ele>20.0</ele></trkpt>
      <trkpt lat="38.6538910" lon="0.0464130"><ele>20.0</ele></trkpt>
      <trkpt lat="38.6539710" lon="0.0465700"><ele>19.0</ele></trkpt>
      <trkpt lat="38.6540350" lon="0.0467010"><ele>19.0</ele></trkpt>
      <trkpt lat="38.6540870" lon="0.0468040"><ele>19.0</ele></trkpt>
      <trkpt lat="38.6542170" lon="0.0468890"><ele>20.0</ele></trkpt>
      <trkpt lat="38.6543250" lon="0.0469230"><ele>23.0</ele></trkpt>
      <trkpt lat="38.6548570" lon="0.0469630"><ele>32.0</ele></trkpt>
      <trkpt lat="38.6551680" lon="0.0470520"><ele>38.0</ele></trkpt>
      <trkpt lat="38.6553460" lon="0.0471370"><ele>41.0</ele></trkpt>
      <trkpt lat="38.6551804" lon="0.0471076"><ele>39.0</ele></trkpt>
      <trkpt lat="38.6550347" lon="0.0470517"><ele>37.0</ele></trkpt>
      <trkpt lat="38.6548899" lon="0.0470160"><ele>34.0</ele></trkpt>
      <trkpt lat="38.6547726" lon="0.0469972"><ele>32.0</ele></trkpt>
      <trkpt lat="38.6546636" lon="0.0469905"><ele>30.0</ele></trkpt>
      <trkpt lat="38.6545045" lon="0.0469811"><ele>27.0</ele></trkpt>
      <trkpt lat="38.6543845" lon="0.0469770"><ele>25.0</ele></trkpt>
      <trkpt lat="38.6542882" lon="0.0469689"><ele>22.0</ele></trkpt>
      <trkpt lat="38.6542054" lon="0.0469485"><ele>20.0</ele></trkpt>
      <trkpt lat="38.6541437" lon="0.0469235"><ele>19.0</ele></trkpt>
      <trkpt lat="38.6540855" lon="0.0468632"><ele>19.0</ele></trkpt>
      <trkpt lat="38.6540406" lon="0.0467910"><ele>19.0</ele></trkpt>
      <trkpt lat="38.6539920" lon="0.0467070"><ele>19.0</ele></trkpt>
      <trkpt lat="38.6539271" lon="0.0465747"><ele>20.0</ele></trkpt>
      <trkpt lat="38.6538880" lon="0.0465007"><ele>20.0</ele></trkpt>
      <trkpt lat="38.6538425" lon="0.0464621"><ele>20.0</ele></trkpt>
      <trkpt lat="38.6538403" lon="0.0464256"><ele>20.0</ele></trkpt>
      <trkpt lat="38.6538357" lon="0.0463552"><ele>20.0</ele></trkpt>
      <trkpt lat="38.6538468" lon="0.0462898"><ele>20.0</ele></trkpt>
      <trkpt lat="38.6538666" lon="0.0462395"><ele>19.0</ele></trkpt>
      <trkpt lat="38.6539045" lon="0.0461604"><ele>19.0</ele></trkpt>
      <trkpt lat="38.6539548" lon="0.0460899"><ele>19.0</ele></trkpt>
      <trkpt lat="38.6540253" lon="0.0460222"><ele>18.0</ele></trkpt>
      <trkpt lat="38.6540633" lon="0.0459969"><ele>17.0</ele></trkpt>
      <trkpt lat="38.6541333" lon="0.0459670"><ele>17.0</ele></trkpt>
      <trkpt lat="38.6541888" lon="0.0459514"><ele>16.0</ele></trkpt>
      <trkpt lat="38.6542576" lon="0.0459315"><ele>16.0</ele></trkpt>
      <trkpt lat="38.6542965" lon="0.0459137"><ele>16.0</ele></trkpt>
      <trkpt lat="38.6543433" lon="0.0458871"><ele>16.0</ele></trkpt>
      <trkpt lat="38.6543970" lon="0.0458750"><ele>16.0</ele></trkpt>
      <trkpt lat="38.6544621" lon="0.0458722"><ele>16.0</ele></trkpt>
      <trkpt lat="38.6545162" lon="0.0458793"><ele>17.0</ele></trkpt>
      <trkpt lat="38.6545677" lon="0.0458864"><ele>17.0</ele></trkpt>
      <trkpt lat="38.6546276" lon="0.0458767"><ele>18.0</ele></trkpt>
      <trkpt lat="38.6546944" lon="0.0458496"><ele>18.0</ele></trkpt>
      <trkpt lat="38.6547984" lon="0.0457950"><ele>18.0</ele></trkpt>
      <trkpt lat="38.6548584" lon="0.0457580"><ele>19.0</ele></trkpt>
      <trkpt lat="38.6549327" lon="0.0457083"><ele>19.0</ele></trkpt>
      <trkpt lat="38.6550049" lon="0.0456471"><ele>20.0</ele></trkpt>
      <trkpt lat="38.6551046" lon="0.0455569"><ele>19.0</ele></trkpt>
      <trkpt lat="38.6551705" lon="0.0454885"><ele>20.0</ele></trkpt>
      <trkpt lat="38.6552282" lon="0.0454247"><ele>20.0</ele></trkpt>
      <trkpt lat="38.6552795" lon="0.0453544"><ele>21.0</ele></trkpt>
      <trkpt lat="38.6553138" lon="0.0452827"><ele>22.0</ele></trkpt>
      <trkpt lat="38.6553340" lon="0.0452137"><ele>23.0</ele></trkpt>
      <trkpt lat="38.6553439" lon="0.0451484"><ele>23.0</ele></trkpt>
      <trkpt lat="38.6553520" lon="0.0450800"><ele>24.0</ele></trkpt>
      <trkpt lat="38.6553395" lon="0.0450228"><ele>25.0</ele></trkpt>
      <trkpt lat="38.6553114" lon="0.0449689"><ele>25.0</ele></trkpt>
      <trkpt lat="38.6552692" lon="0.0449433"><ele>25.0</ele></trkpt>
      <trkpt lat="38.6551959" lon="0.0448964"><ele>25.0</ele></trkpt>
      <trkpt lat="38.6551120" lon="0.0448345"><ele>26.0</ele></trkpt>
      <trkpt lat="38.6550860" lon="0.0447899"><ele>26.0</ele></trkpt>
      <trkpt lat="38.6550638" lon="0.0447425"><ele>26.0</ele></trkpt>
      <trkpt lat="38.6550380" lon="0.0446941"><ele>26.0</ele></trkpt>
      <trkpt lat="38.6550151" lon="0.0446419"><ele>26.0</ele></trkpt>
      <trkpt lat="38.6549616" lon="0.0445550"><ele>25.0</ele></trkpt>
      <trkpt lat="38.6549091" lon="0.0444639"><ele>25.0</ele></trkpt>
      <trkpt lat="38.6548875" lon="0.0444070"><ele>24.0</ele></trkpt>
      <trkpt lat="38.6548830" lon="0.0443599"><ele>24.0</ele></trkpt>
      <trkpt lat="38.6548963" lon="0.0443238"><ele>24.0</ele></trkpt>
      <trkpt lat="38.6549173" lon="0.0442804"><ele>24.0</ele></trkpt>
      <trkpt lat="38.6550782" lon="0.0440063"><ele>24.0</ele></trkpt>
      <trkpt lat="38.6552498" lon="0.0437126"><ele>28.0</ele></trkpt>
      <trkpt lat="38.6552803" lon="0.0436551"><ele>28.0</ele></trkpt>
      <trkpt lat="38.6552958" lon="0.0436013"><ele>29.0</ele></trkpt>
      <trkpt lat="38.6553053" lon="0.0435382"><ele>30.0</ele></trkpt>
      <trkpt lat="38.6552966" lon="0.0434536"><ele>31.0</ele></trkpt>
      <trkpt lat="38.6552791" lon="0.0432900"><ele>32.0</ele></trkpt>
      <trkpt lat="38.6552635" lon="0.0431666"><ele>33.0</ele></trkpt>
      <trkpt lat="38.6552503" lon="0.0430736"><ele>33.0</ele></trkpt>
      <trkpt lat="38.6552286" lon="0.0429840"><ele>33.0</ele></trkpt>
      <trkpt lat="38.6551953" lon="0.0428926"><ele>33.0</ele></trkpt>
      <trkpt lat="38.6553182" lon="0.0424696"><ele>36.0</ele></trkpt>
      <trkpt lat="38.6558183" lon="0.0421871"><ele>35.0</ele></trkpt>
      <trkpt lat="38.6559675" lon="0.0421156"><ele>34.0</ele></trkpt>
      <trkpt lat="38.6560230" lon="0.0420673"><ele>34.0</ele></trkpt>
      <trkpt lat="38.6560503" lon="0.0420405"><ele>34.0</ele></trkpt>
      <trkpt lat="38.6560676" lon="0.0420322"><ele>34.0</ele></trkpt>
      <trkpt lat="38.6562642" lon="0.0417788"><ele>35.0</ele></trkpt>
      <trkpt lat="38.6563216" lon="0.0417204"><ele>35.0</ele></trkpt>
      <trkpt lat="38.6567213" lon="0.0412387"><ele>36.0</ele></trkpt>
      <trkpt lat="38.6568963" lon="0.0410124"><ele>36.0</ele></trkpt>
      <trkpt lat="38.6570701" lon="0.0407953"><ele>36.0</ele></trkpt>
      <trkpt lat="38.6571058" lon="0.0407373"><ele>36.0</ele></trkpt>
      <trkpt lat="38.6571339" lon="0.0406823"><ele>37.0</ele></trkpt>
      <trkpt lat="38.6571803" lon="0.0405915"><ele>37.0</ele></trkpt>
      <trkpt lat="38.6572542" lon="0.0404539"><ele>37.0</ele></trkpt>
      <trkpt lat="38.6573993" lon="0.0401634"><ele>38.0</ele></trkpt>
      <trkpt lat="38.6574418" lon="0.0400711"><ele>38.0</ele></trkpt>
      <trkpt lat="38.6574742" lon="0.0399747"><ele>38.0</ele></trkpt>
      <trkpt lat="38.6575159" lon="0.0398821"><ele>39.0</ele></trkpt>
      <trkpt lat="38.6575435" lon="0.0398255"><ele>39.0</ele></trkpt>
      <trkpt lat="38.6575826" lon="0.0397510"><ele>39.0</ele></trkpt>
      <trkpt lat="38.6576092" lon="0.0396902"><ele>39.0</ele></trkpt>
      <trkpt lat="38.6576332" lon="0.0396254"><ele>40.0</ele></trkpt>
      <trkpt lat="38.6576521" lon="0.0395691"><ele>40.0</ele></trkpt>
      <trkpt lat="38.6576625" lon="0.0395137"><ele>40.0</ele></trkpt>
      <trkpt lat="38.6576890" lon="0.0394115"><ele>40.0</ele></trkpt>
      <trkpt lat="38.6577082" lon="0.0393550"><ele>40.0</ele></trkpt>
      <trkpt lat="38.6577196" lon="0.0392763"><ele>39.0</ele></trkpt>
      <trkpt lat="38.6577291" lon="0.0392118"><ele>39.0</ele></trkpt>
      <trkpt lat="38.6577280" lon="0.0391565"><ele>39.0</ele></trkpt>
      <trkpt lat="38.6577099" lon="0.0390928"><ele>39.0</ele></trkpt>
      <trkpt lat="38.6576932" lon="0.0390184"><ele>39.0</ele></trkpt>
      <trkpt lat="38.6576775" lon="0.0389189"><ele>39.0</ele></trkpt>
      <trkpt lat="38.6576769" lon="0.0388836"><ele>38.0</ele></trkpt>
      <trkpt lat="38.6576775" lon="0.0388540"><ele>38.0</ele></trkpt>
      <trkpt lat="38.6577020" lon="0.0387478"><ele>38.0</ele></trkpt>
      <trkpt lat="38.6577452" lon="0.0386814"><ele>38.0</ele></trkpt>
      <trkpt lat="38.6577893" lon="0.0386012"><ele>38.0</ele></trkpt>
      <trkpt lat="38.6578156" lon="0.0385772"><ele>38.0</ele></trkpt>
      <trkpt lat="38.6578528" lon="0.0385926"><ele>38.0</ele></trkpt>
      <trkpt lat="38.6579084" lon="0.0386358"><ele>37.0</ele></trkpt>
      <trkpt lat="38.6581329" lon="0.0387788"><ele>36.0</ele></trkpt>
      <trkpt lat="38.6581673" lon="0.0388056"><ele>36.0</ele></trkpt>
      <trkpt lat="38.6581968" lon="0.0388117"><ele>36.0</ele></trkpt>
      <trkpt lat="38.6582184" lon="0.0387927"><ele>36.0</ele></trkpt>
      <trkpt lat="38.6582319" lon="0.0387766"><ele>36.0</ele></trkpt>
      <trkpt lat="38.6582368" lon="0.0387328"><ele>36.0</ele></trkpt>
      <trkpt lat="38.6582302" lon="0.0386383"><ele>36.0</ele></trkpt>
      <trkpt lat="38.6582352" lon="0.0385289"><ele>36.0</ele></trkpt>
      <trkpt lat="38.6582665" lon="0.0382598"><ele>38.0</ele></trkpt>
      <trkpt lat="38.6582749" lon="0.0382025"><ele>38.0</ele></trkpt>
      <trkpt lat="38.6583084" lon="0.0380684"><ele>39.0</ele></trkpt>
      <trkpt lat="38.6584550" lon="0.0379236"><ele>39.0</ele></trkpt>
      <trkpt lat="38.6586058" lon="0.0378163"><ele>39.0</ele></trkpt>
      <trkpt lat="38.6588362" lon="0.0377519"><ele>36.0</ele></trkpt>
      <trkpt lat="38.6590917" lon="0.0377305"><ele>36.0</ele></trkpt>
      <trkpt lat="38.6593999" lon="0.0376917"><ele>35.0</ele></trkpt>
      <trkpt lat="38.6595584" lon="0.0376296"><ele>34.0</ele></trkpt>
      <trkpt lat="38.6597817" lon="0.0374900"><ele>32.0</ele></trkpt>
      <trkpt lat="38.6600144" lon="0.0373147"><ele>39.0</ele></trkpt>
      <trkpt lat="38.6603750" lon="0.0371103"><ele>48.0</ele></trkpt>
      <trkpt lat="38.6604668" lon="0.0370152"><ele>51.0</ele></trkpt>
      <trkpt lat="38.6604911" lon="0.0368644"><ele>51.0</ele></trkpt>
      <trkpt lat="38.6604741" lon="0.0367273"><ele>51.0</ele></trkpt>
      <trkpt lat="38.6604565" lon="0.0365694"><ele>50.0</ele></trkpt>
      <trkpt lat="38.6604330" lon="0.0362830"><ele>50.0</ele></trkpt>
      <trkpt lat="38.6604071" lon="0.0359143"><ele>49.0</ele></trkpt>
      <trkpt lat="38.6601728" lon="0.0351663"><ele>52.0</ele></trkpt>
      <trkpt lat="38.6602667" lon="0.0349571"><ele>54.0</ele></trkpt>
      <trkpt lat="38.6603762" lon="0.0348080"><ele>56.0</ele></trkpt>
      <trkpt lat="38.6604742" lon="0.0347224"><ele>57.0</ele></trkpt>
      <trkpt lat="38.6605519" lon="0.0346725"><ele>58.0</ele></trkpt>
      <trkpt lat="38.6605618" lon="0.0341451"><ele>66.0</ele></trkpt>
      <trkpt lat="38.6605673" lon="0.0340820"><ele>67.0</ele></trkpt>
      <trkpt lat="38.6606126" lon="0.0340440"><ele>67.0</ele></trkpt>
      <trkpt lat="38.6606700" lon="0.0340200"><ele>67.0</ele></trkpt>
      <trkpt lat="38.6607490" lon="0.0339970"><ele>66.0</ele></trkpt>
      <trkpt lat="38.6615850" lon="0.0339860"><ele>69.0</ele></trkpt>
      <trkpt lat="38.6616577" lon="0.0339643"><ele>69.0</ele></trkpt>
      <trkpt lat="38.6617665" lon="0.0338406"><ele>68.0</ele></trkpt>
      <trkpt lat="38.6617820" lon="0.0338070"><ele>69.0</ele></trkpt>
      <trkpt lat="38.6619243" lon="0.0332889"><ele>77.0</ele></trkpt>
      <trkpt lat="38.6620070" lon="0.0330820"><ele>82.0</ele></trkpt>
      <trkpt lat="38.6621970" lon="0.0327780"><ele>84.0</ele></trkpt>
      <trkpt lat="38.6622380" lon="0.0326770"><ele>85.0</ele></trkpt>
      <trkpt lat="38.6622700" lon="0.0325350"><ele>87.0</ele></trkpt>
      <trkpt lat="38.6622758" lon="0.0323888"><ele>90.0</ele></trkpt>
      <trkpt lat="38.6622541" lon="0.0322316"><ele>93.0</ele></trkpt>
      <trkpt lat="38.6623340" lon="0.0321340"><ele>96.0</ele></trkpt>
      <trkpt lat="38.6624030" lon="0.0321130"><ele>97.0</ele></trkpt>
      <trkpt lat="38.6625480" lon="0.0321320"><ele>97.0</ele></trkpt>
      <trkpt lat="38.6627660" lon="0.0321970"><ele>96.0</ele></trkpt>
      <trkpt lat="38.6628730" lon="0.0321710"><ele>97.0</ele></trkpt>
      <trkpt lat="38.6629170" lon="0.0321080"><ele>98.0</ele></trkpt>
      <trkpt lat="38.6629190" lon="0.0320030"><ele>100.0</ele></trkpt>
      <trkpt lat="38.6628850" lon="0.0319230"><ele>101.0</ele></trkpt>
      <trkpt lat="38.6627160" lon="0.0316700"><ele>104.0</ele></trkpt>
      <trkpt lat="38.6626700" lon="0.0315390"><ele>106.0</ele></trkpt>
      <trkpt lat="38.6626410" lon="0.0313240"><ele>108.0</ele></trkpt>
      <trkpt lat="38.6626109" lon="0.0311189"><ele>110.0</ele></trkpt>
      <trkpt lat="38.6626954" lon="0.0311241"><ele>108.0</ele></trkpt>
      <trkpt lat="38.6627608" lon="0.0311391"><ele>107.0</ele></trkpt>
      <trkpt lat="38.6628176" lon="0.0310742"><ele>105.0</ele></trkpt>
      <trkpt lat="38.6628875" lon="0.0311307"><ele>103.0</ele></trkpt>
      <trkpt lat="38.6629433" lon="0.0311179"><ele>102.0</ele></trkpt>
      <trkpt lat="38.6630074" lon="0.0308447"><ele>98.0</ele></trkpt>
      <trkpt lat="38.6629466" lon="0.0307013"><ele>99.0</ele></trkpt>
      <trkpt lat="38.6629319" lon="0.0306039"><ele>100.0</ele></trkpt>
      <trkpt lat="38.6629418" lon="0.0305912"><ele>99.0</ele></trkpt>
      <trkpt lat="38.6630144" lon="0.0306058"><ele>97.0</ele></trkpt>
      <trkpt lat="38.6630245" lon="0.0305288"><ele>97.0</ele></trkpt>
      <trkpt lat="38.6629859" lon="0.0303906"><ele>98.0</ele></trkpt>
      <trkpt lat="38.6630262" lon="0.0303441"><ele>97.0</ele></trkpt>
      <trkpt lat="38.6630119" lon="0.0302799"><ele>98.0</ele></trkpt>
      <trkpt lat="38.6629203" lon="0.0297993"><ele>105.0</ele></trkpt>
      <trkpt lat="38.6629342" lon="0.0297302"><ele>106.0</ele></trkpt>
      <trkpt lat="38.6629661" lon="0.0296866"><ele>107.0</ele></trkpt>
      <trkpt lat="38.6629519" lon="0.0296185"><ele>108.0</ele></trkpt>
      <trkpt lat="38.6628086" lon="0.0295299"><ele>110.0</ele></trkpt>
      <trkpt lat="38.6627040" lon="0.0294949"><ele>109.0</ele></trkpt>
      <trkpt lat="38.6624161" lon="0.0292655"><ele>111.0</ele></trkpt>
      <trkpt lat="38.6623755" lon="0.0291921"><ele>112.0</ele></trkpt>
      <trkpt lat="38.6623373" lon="0.0291187"><ele>113.0</ele></trkpt>
      <trkpt lat="38.6622744" lon="0.0289923"><ele>114.0</ele></trkpt>
      <trkpt lat="38.6621279" lon="0.0288241"><ele>117.0</ele></trkpt>
      <trkpt lat="38.6618539" lon="0.0290816"><ele>117.0</ele></trkpt>
      <trkpt lat="38.6618240" lon="0.0293722"><ele>118.0</ele></trkpt>
      <trkpt lat="38.6618005" lon="0.0296005"><ele>119.0</ele></trkpt>
      <trkpt lat="38.6617413" lon="0.0296877"><ele>120.0</ele></trkpt>
      <trkpt lat="38.6615556" lon="0.0299216"><ele>122.0</ele></trkpt>
      <trkpt lat="38.6614921" lon="0.0299777"><ele>123.0</ele></trkpt>
      <trkpt lat="38.6613680" lon="0.0301280"><ele>124.0</ele></trkpt>
      <trkpt lat="38.6613471" lon="0.0300393"><ele>126.0</ele></trkpt>
      <trkpt lat="38.6614142" lon="0.0297934"><ele>128.0</ele></trkpt>
      <trkpt lat="38.6613410" lon="0.0297505"><ele>131.0</ele></trkpt>
      <trkpt lat="38.6613228" lon="0.0296451"><ele>132.0</ele></trkpt>
      <trkpt lat="38.6612252" lon="0.0296802"><ele>135.0</ele></trkpt>
      <trkpt lat="38.6611186" lon="0.0296646"><ele>138.0</ele></trkpt>
      <trkpt lat="38.6610420" lon="0.0296906"><ele>138.0</ele></trkpt>
      <trkpt lat="38.6609048" lon="0.0297317"><ele>139.0</ele></trkpt>
      <trkpt lat="38.6608565" lon="0.0296880"><ele>141.0</ele></trkpt>
      <trkpt lat="38.6608047" lon="0.0296373"><ele>143.0</ele></trkpt>
      <trkpt lat="38.6608352" lon="0.0295046"><ele>145.0</ele></trkpt>
      <trkpt lat="38.6607955" lon="0.0293680"><ele>150.0</ele></trkpt>
      <trkpt lat="38.6608291" lon="0.0292392"><ele>152.0</ele></trkpt>
      <trkpt lat="38.6607255" lon="0.0291338"><ele>156.0</ele></trkpt>
      <trkpt lat="38.6607128" lon="0.0290120"><ele>158.0</ele></trkpt>
      <trkpt lat="38.6605462" lon="0.0289483"><ele>163.0</ele></trkpt>
      <trkpt lat="38.6605282" lon="0.0288951"><ele>164.0</ele></trkpt>
      <trkpt lat="38.6606090" lon="0.0288671"><ele>163.0</ele></trkpt>
      <trkpt lat="38.6605869" lon="0.0287325"><ele>167.0</ele></trkpt>
      <trkpt lat="38.6605520" lon="0.0286011"><ele>171.0</ele></trkpt>
      <trkpt lat="38.6605424" lon="0.0283830"><ele>177.0</ele></trkpt>
      <trkpt lat="38.6605284" lon="0.0280578"><ele>185.0</ele></trkpt>
      <trkpt lat="38.6604052" lon="0.0277026"><ele>189.0</ele></trkpt>
      <trkpt lat="38.6603442" lon="0.0274891"><ele>191.0</ele></trkpt>
      <trkpt lat="38.6601550" lon="0.0272332"><ele>199.0</ele></trkpt>
      <trkpt lat="38.6597713" lon="0.0270499"><ele>217.0</ele></trkpt>
      <trkpt lat="38.6596717" lon="0.0270768"><ele>219.0</ele></trkpt>
      <trkpt lat="38.6596397" lon="0.0269333"><ele>223.0</ele></trkpt>
      <trkpt lat="38.6595425" lon="0.0268722"><ele>225.0</ele></trkpt>
      <trkpt lat="38.6594543" lon="0.0265781"><ele>226.0</ele></trkpt>
      <trkpt lat="38.6594320" lon="0.0263999"><ele>227.0</ele></trkpt>
      <trkpt lat="38.6593908" lon="0.0263390"><ele>227.0</ele></trkpt>
      <trkpt lat="38.6593127" lon="0.0263217"><ele>228.0</ele></trkpt>
      <trkpt lat="38.6590854" lon="0.0263080"><ele>231.0</ele></trkpt>
      <trkpt lat="38.6591151" lon="0.0256529"><ele>233.0</ele></trkpt>
      <trkpt lat="38.6591083" lon="0.0256054"><ele>234.0</ele></trkpt>
      <trkpt lat="38.6590982" lon="0.0255557"><ele>235.0</ele></trkpt>
      <trkpt lat="38.6590796" lon="0.0255147"><ele>236.0</ele></trkpt>
      <trkpt lat="38.6590590" lon="0.0254697"><ele>238.0</ele></trkpt>
      <trkpt lat="38.6590307" lon="0.0254455"><ele>239.0</ele></trkpt>
      <trkpt lat="38.6589816" lon="0.0254395"><ele>241.0</ele></trkpt>
      <trkpt lat="38.6587017" lon="0.0253851"><ele>250.0</ele></trkpt>
      <trkpt lat="38.6581960" lon="0.0254696"><ele>256.0</ele></trkpt>
      <trkpt lat="38.6577977" lon="0.0254049"><ele>261.0</ele></trkpt>
      <trkpt lat="38.6577127" lon="0.0253562"><ele>262.0</ele></trkpt>
      <trkpt lat="38.6576162" lon="0.0255239"><ele>262.0</ele></trkpt>
      <trkpt lat="38.6575408" lon="0.0256902"><ele>261.0</ele></trkpt>
      <trkpt lat="38.6575073" lon="0.0258726"><ele>258.0</ele></trkpt>
      <trkpt lat="38.6574906" lon="0.0260550"><ele>257.0</ele></trkpt>
      <trkpt lat="38.6574403" lon="0.0261784"><ele>255.0</ele></trkpt>
      <trkpt lat="38.6573439" lon="0.0262695"><ele>253.0</ele></trkpt>
      <trkpt lat="38.6572183" lon="0.0262803"><ele>253.0</ele></trkpt>
      <trkpt lat="38.6570507" lon="0.0262320"><ele>253.0</ele></trkpt>
      <trkpt lat="38.6569083" lon="0.0262427"><ele>253.0</ele></trkpt>
      <trkpt lat="38.6567407" lon="0.0261891"><ele>256.0</ele></trkpt>
      <trkpt lat="38.6565731" lon="0.0261784"><ele>258.0</ele></trkpt>
      <trkpt lat="38.6564642" lon="0.0261891"><ele>261.0</ele></trkpt>
      <trkpt lat="38.6563598" lon="0.0261802"><ele>263.0</ele></trkpt>
      <trkpt lat="38.6562134" lon="0.0261437"><ele>264.0</ele></trkpt>
      <trkpt lat="38.6560830" lon="0.0262159"><ele>262.0</ele></trkpt>
      <trkpt lat="38.6559071" lon="0.0262481"><ele>263.0</ele></trkpt>
      <trkpt lat="38.6557605" lon="0.0263232"><ele>262.0</ele></trkpt>
      <trkpt lat="38.6556676" lon="0.0264795"><ele>256.0</ele></trkpt>
      <trkpt lat="38.6555495" lon="0.0265420"><ele>255.0</ele></trkpt>
      <trkpt lat="38.6554240" lon="0.0266548"><ele>251.0</ele></trkpt>
      <trkpt lat="38.6552578" lon="0.0266451"><ele>254.0</ele></trkpt>
      <trkpt lat="38.6551363" lon="0.0267363"><ele>252.0</ele></trkpt>
      <trkpt lat="38.6550533" lon="0.0267784"><ele>252.0</ele></trkpt>
      <trkpt lat="38.6549249" lon="0.0267132"><ele>257.0</ele></trkpt>
      <trkpt lat="38.6550404" lon="0.0265909"><ele>260.0</ele></trkpt>
      <trkpt lat="38.6549089" lon="0.0265376"><ele>264.0</ele></trkpt>
      <trkpt lat="38.6550130" lon="0.0264210"><ele>268.0</ele></trkpt>
      <trkpt lat="38.6549390" lon="0.0263420"><ele>271.0</ele></trkpt>
      <trkpt lat="38.6546300" lon="0.0261550"><ele>280.0</ele></trkpt>
      <trkpt lat="38.6545520" lon="0.0261580"><ele>280.0</ele></trkpt>
      <trkpt lat="38.6544240" lon="0.0262110"><ele>280.0</ele></trkpt>
      <trkpt lat="38.6542280" lon="0.0263510"><ele>277.0</ele></trkpt>
      <trkpt lat="38.6541570" lon="0.0263770"><ele>277.0</ele></trkpt>
      <trkpt lat="38.6541018" lon="0.0263224"><ele>280.0</ele></trkpt>
      <trkpt lat="38.6539965" lon="0.0261684"><ele>287.0</ele></trkpt>
      <trkpt lat="38.6538592" lon="0.0261839"><ele>288.0</ele></trkpt>
      <trkpt lat="38.6537111" lon="0.0259691"><ele>293.0</ele></trkpt>
      <trkpt lat="38.6535861" lon="0.0258378"><ele>297.0</ele></trkpt>
      <trkpt lat="38.6534971" lon="0.0257804"><ele>299.0</ele></trkpt>
      <trkpt lat="38.6534440" lon="0.0257285"><ele>300.0</ele></trkpt>
      <trkpt lat="38.6533921" lon="0.0257802"><ele>299.0</ele></trkpt>
      <trkpt lat="38.6533727" lon="0.0258004"><ele>298.0</ele></trkpt>
      <trkpt lat="38.6533220" lon="0.0257910"><ele>298.0</ele></trkpt>
      <trkpt lat="38.6532600" lon="0.0257510"><ele>299.0</ele></trkpt>
      <trkpt lat="38.6531790" lon="0.0256640"><ele>301.0</ele></trkpt>
      <trkpt lat="38.6531360" lon="0.0255830"><ele>304.0</ele></trkpt>
      <trkpt lat="38.6531000" lon="0.0253540"><ele>311.0</ele></trkpt>
      <trkpt lat="38.6530174" lon="0.0251756"><ele>316.0</ele></trkpt>
      <trkpt lat="38.6530158" lon="0.0251721"><ele>316.0</ele></trkpt>
      <trkpt lat="38.6529819" lon="0.0249529"><ele>322.0</ele></trkpt>
      <trkpt lat="38.6530075" lon="0.0247963"><ele>326.0</ele></trkpt>
      <trkpt lat="38.6530588" lon="0.0247107"><ele>329.0</ele></trkpt>
      <trkpt lat="38.6529900" lon="0.0244310"><ele>333.0</ele></trkpt>
      <trkpt lat="38.6529720" lon="0.0242590"><ele>336.0</ele></trkpt>
      <trkpt lat="38.6530603" lon="0.0240388"><ele>341.0</ele></trkpt>
      <trkpt lat="38.6530310" lon="0.0238050"><ele>343.0</ele></trkpt>
      <trkpt lat="38.6530829" lon="0.0237415"><ele>345.0</ele></trkpt>
      <trkpt lat="38.6530670" lon="0.0235640"><ele>349.0</ele></trkpt>
      <trkpt lat="38.6530766" lon="0.0233390"><ele>353.0</ele></trkpt>
      <trkpt lat="38.6529430" lon="0.0229580"><ele>361.0</ele></trkpt>
      <trkpt lat="38.6526019" lon="0.0227397"><ele>364.0</ele></trkpt>
      <trkpt lat="38.6522751" lon="0.0226700"><ele>369.0</ele></trkpt>
      <trkpt lat="38.6520479" lon="0.0226938"><ele>363.0</ele></trkpt>
      <trkpt lat="38.6519369" lon="0.0227055"><ele>360.0</ele></trkpt>
      <trkpt lat="38.6518070" lon="0.0227108"><ele>361.0</ele></trkpt>
      <trkpt lat="38.6516727" lon="0.0227000"><ele>363.0</ele></trkpt>
      <trkpt lat="38.6513920" lon="0.0225820"><ele>365.0</ele></trkpt>
      <trkpt lat="38.6510862" lon="0.0224211"><ele>368.0</ele></trkpt>
      <trkpt lat="38.6508767" lon="0.0223353"><ele>364.0</ele></trkpt>
      <trkpt lat="38.6506549" lon="0.0222978"><ele>360.0</ele></trkpt>
      <trkpt lat="38.6505732" lon="0.0222602"><ele>359.0</ele></trkpt>
      <trkpt lat="38.6505041" lon="0.0221932"><ele>358.0</ele></trkpt>
      <trkpt lat="38.6504454" lon="0.0221154"><ele>357.0</ele></trkpt>
      <trkpt lat="38.6503949" lon="0.0220188"><ele>355.0</ele></trkpt>
      <trkpt lat="38.6503574" lon="0.0219437"><ele>354.0</ele></trkpt>
      <trkpt lat="38.6503281" lon="0.0218472"><ele>355.0</ele></trkpt>
      <trkpt lat="38.6503019" lon="0.0217580"><ele>355.0</ele></trkpt>
      <trkpt lat="38.6502506" lon="0.0214555"><ele>365.0</ele></trkpt>
      <trkpt lat="38.6502339" lon="0.0213053"><ele>372.0</ele></trkpt>
      <trkpt lat="38.6502041" lon="0.0212176"><ele>376.0</ele></trkpt>
      <trkpt lat="38.6502628" lon="0.0211769"><ele>378.0</ele></trkpt>
      <trkpt lat="38.6503089" lon="0.0211072"><ele>383.0</ele></trkpt>
      <trkpt lat="38.6503278" lon="0.0210213"><ele>387.0</ele></trkpt>
      <trkpt lat="38.6503508" lon="0.0209221"><ele>391.0</ele></trkpt>
      <trkpt lat="38.6503843" lon="0.0208121"><ele>395.0</ele></trkpt>
      <trkpt lat="38.6504199" lon="0.0207156"><ele>399.0</ele></trkpt>
      <trkpt lat="38.6504359" lon="0.0206706"><ele>400.0</ele></trkpt>
      <trkpt lat="38.6504639" lon="0.0205922"><ele>403.0</ele></trkpt>
      <trkpt lat="38.6505268" lon="0.0204822"><ele>406.0</ele></trkpt>
      <trkpt lat="38.6505854" lon="0.0204795"><ele>406.0</ele></trkpt>
      <trkpt lat="38.6506147" lon="0.0204232"><ele>409.0</ele></trkpt>
      <trkpt lat="38.6506629" lon="0.0203052"><ele>413.0</ele></trkpt>
      <trkpt lat="38.6507425" lon="0.0201791"><ele>420.0</ele></trkpt>
      <trkpt lat="38.6507760" lon="0.0201309"><ele>423.0</ele></trkpt>
      <trkpt lat="38.6508305" lon="0.0201040"><ele>426.0</ele></trkpt>
      <trkpt lat="38.6508284" lon="0.0200665"><ele>429.0</ele></trkpt>
      <trkpt lat="38.6508661" lon="0.0200289"><ele>433.0</ele></trkpt>
      <trkpt lat="38.6508577" lon="0.0199646"><ele>436.0</ele></trkpt>
      <trkpt lat="38.6508745" lon="0.0198787"><ele>440.0</ele></trkpt>
      <trkpt lat="38.6509143" lon="0.0198090"><ele>444.0</ele></trkpt>
      <trkpt lat="38.6509394" lon="0.0197500"><ele>446.0</ele></trkpt>
      <trkpt lat="38.6509604" lon="0.0196722"><ele>449.0</ele></trkpt>
      <trkpt lat="38.6510253" lon="0.0195810"><ele>454.0</ele></trkpt>
      <trkpt lat="38.6510756" lon="0.0194818"><ele>457.0</ele></trkpt>
      <trkpt lat="38.6511489" lon="0.0194147"><ele>460.0</ele></trkpt>
      <trkpt lat="38.6512683" lon="0.0193772"><ele>462.0</ele></trkpt>
      <trkpt lat="38.6513353" lon="0.0193423"><ele>463.0</ele></trkpt>
      <trkpt lat="38.6514212" lon="0.0193235"><ele>465.0</ele></trkpt>
      <trkpt lat="38.6514704" lon="0.0193188"><ele>466.0</ele></trkpt>
      <trkpt lat="38.6515343" lon="0.0193128"><ele>468.0</ele></trkpt>
      <trkpt lat="38.6516181" lon="0.0193074"><ele>471.0</ele></trkpt>
      <trkpt lat="38.6516726" lon="0.0192484"><ele>473.0</ele></trkpt>
      <trkpt lat="38.6517878" lon="0.0193020"><ele>475.0</ele></trkpt>
      <trkpt lat="38.6518506" lon="0.0192779"><ele>477.0</ele></trkpt>
      <trkpt lat="38.6519323" lon="0.0192645"><ele>479.0</ele></trkpt>
      <trkpt lat="38.6520580" lon="0.0191921"><ele>482.0</ele></trkpt>
      <trkpt lat="38.6521585" lon="0.0191706"><ele>485.0</ele></trkpt>
      <trkpt lat="38.6522486" lon="0.0192001"><ele>486.0</ele></trkpt>
      <trkpt lat="38.6523470" lon="0.0191626"><ele>488.0</ele></trkpt>
      <trkpt lat="38.6524685" lon="0.0190955"><ele>490.0</ele></trkpt>
      <trkpt lat="38.6525733" lon="0.0189963"><ele>492.0</ele></trkpt>
      <trkpt lat="38.6526696" lon="0.0189802"><ele>493.0</ele></trkpt>
      <trkpt lat="38.6527241" lon="0.0189963"><ele>494.0</ele></trkpt>
      <trkpt lat="38.6528100" lon="0.0190553"><ele>495.0</ele></trkpt>
      <trkpt lat="38.6528854" lon="0.0190955"><ele>496.0</ele></trkpt>
      <trkpt lat="38.6529587" lon="0.0190848"><ele>497.0</ele></trkpt>
      <trkpt lat="38.6530718" lon="0.0191170"><ele>498.0</ele></trkpt>
      <trkpt lat="38.6531367" lon="0.0191009"><ele>498.0</ele></trkpt>
      <trkpt lat="38.6531579" lon="0.0190970"><ele>498.0</ele></trkpt>
      <trkpt lat="38.6531807" lon="0.0190928"><ele>498.0</ele></trkpt>
      <trkpt lat="38.6532478" lon="0.0190687"><ele>499.0</ele></trkpt>
      <trkpt lat="38.6533504" lon="0.0190365"><ele>499.0</ele></trkpt>
      <trkpt lat="38.6534446" lon="0.0190633"><ele>500.0</ele></trkpt>
      <trkpt lat="38.6535494" lon="0.0190285"><ele>501.0</ele></trkpt>
      <trkpt lat="38.6535976" lon="0.0189346"><ele>502.0</ele></trkpt>
      <trkpt lat="38.6536311" lon="0.0188139"><ele>503.0</ele></trkpt>
      <trkpt lat="38.6536646" lon="0.0187093"><ele>503.0</ele></trkpt>
      <trkpt lat="38.6537337" lon="0.0186664"><ele>504.0</ele></trkpt>
      <trkpt lat="38.6538070" lon="0.0186342"><ele>506.0</ele></trkpt>
      <trkpt lat="38.6538699" lon="0.0185457"><ele>506.0</ele></trkpt>
      <trkpt lat="38.6538971" lon="0.0184169"><ele>506.0</ele></trkpt>
      <trkpt lat="38.6539077" lon="0.0182807"><ele>506.0</ele></trkpt>
      <trkpt lat="38.6539343" lon="0.0182012"><ele>506.0</ele></trkpt>
      <trkpt lat="38.6540017" lon="0.0181308"><ele>507.0</ele></trkpt>
      <trkpt lat="38.6540886" lon="0.0180422"><ele>508.0</ele></trkpt>
      <trkpt lat="38.6541472" lon="0.0179899"><ele>509.0</ele></trkpt>
      <trkpt lat="38.6542092" lon="0.0179195"><ele>510.0</ele></trkpt>
      <trkpt lat="38.6543086" lon="0.0178628"><ele>511.0</ele></trkpt>
      <trkpt lat="38.6544008" lon="0.0178310"><ele>512.0</ele></trkpt>
      <trkpt lat="38.6545267" lon="0.0178242"><ele>513.0</ele></trkpt>
      <trkpt lat="38.6546367" lon="0.0177924"><ele>513.0</ele></trkpt>
      <trkpt lat="38.6546952" lon="0.0178219"><ele>513.0</ele></trkpt>
      <trkpt lat="38.6547857" lon="0.0178287"><ele>514.0</ele></trkpt>
      <trkpt lat="38.6549276" lon="0.0178060"><ele>515.0</ele></trkpt>
      <trkpt lat="38.6550038" lon="0.0178196"><ele>515.0</ele></trkpt>
      <trkpt lat="38.6550606" lon="0.0177833"><ele>515.0</ele></trkpt>
      <trkpt lat="38.6551244" lon="0.0177038"><ele>515.0</ele></trkpt>
      <trkpt lat="38.6551829" lon="0.0176288"><ele>515.0</ele></trkpt>
      <trkpt lat="38.6552308" lon="0.0176084"><ele>515.0</ele></trkpt>
      <trkpt lat="38.6553089" lon="0.0175630"><ele>515.0</ele></trkpt>
      <trkpt lat="38.6553905" lon="0.0175425"><ele>515.0</ele></trkpt>
      <trkpt lat="38.6554525" lon="0.0175016"><ele>515.0</ele></trkpt>
      <trkpt lat="38.6556228" lon="0.0173994"><ele>516.0</ele></trkpt>
      <trkpt lat="38.6557132" lon="0.0173222"><ele>517.0</ele></trkpt>
      <trkpt lat="38.6558374" lon="0.0172927"><ele>519.0</ele></trkpt>
      <trkpt lat="38.6559278" lon="0.0173041"><ele>519.0</ele></trkpt>
      <trkpt lat="38.6560821" lon="0.0173222"><ele>520.0</ele></trkpt>
      <trkpt lat="38.6561850" lon="0.0173086"><ele>521.0</ele></trkpt>
      <trkpt lat="38.6562755" lon="0.0173109"><ele>521.0</ele></trkpt>
      <trkpt lat="38.6563446" lon="0.0172654"><ele>522.0</ele></trkpt>
      <trkpt lat="38.6563677" lon="0.0171746"><ele>523.0</ele></trkpt>
      <trkpt lat="38.6563535" lon="0.0171065"><ele>523.0</ele></trkpt>
      <trkpt lat="38.6563571" lon="0.0170338"><ele>523.0</ele></trkpt>
      <trkpt lat="38.6563695" lon="0.0169407"><ele>524.0</ele></trkpt>
      <trkpt lat="38.6563641" lon="0.0168907"><ele>525.0</ele></trkpt>
      <trkpt lat="38.6563269" lon="0.0168294"><ele>525.0</ele></trkpt>
      <trkpt lat="38.6563145" lon="0.0167272"><ele>526.0</ele></trkpt>
      <trkpt lat="38.6563061" lon="0.0166845"><ele>526.0</ele></trkpt>
      <trkpt lat="38.6563051" lon="0.0166348"><ele>527.0</ele></trkpt>
      <trkpt lat="38.6563156" lon="0.0165946"><ele>528.0</ele></trkpt>
      <trkpt lat="38.6563491" lon="0.0165571"><ele>530.0</ele></trkpt>
      <trkpt lat="38.6563941" lon="0.0165343"><ele>531.0</ele></trkpt>
      <trkpt lat="38.6564590" lon="0.0165021"><ele>534.0</ele></trkpt>
      <trkpt lat="38.6565564" lon="0.0164739"><ele>537.0</ele></trkpt>
      <trkpt lat="38.6566947" lon="0.0164712"><ele>540.0</ele></trkpt>
      <trkpt lat="38.6567659" lon="0.0164806"><ele>541.0</ele></trkpt>
      <trkpt lat="38.6568392" lon="0.0164806"><ele>541.0</ele></trkpt>
      <trkpt lat="38.6568780" lon="0.0164793"><ele>542.0</ele></trkpt>
      <trkpt lat="38.6569712" lon="0.0164310"><ele>543.0</ele></trkpt>
      <trkpt lat="38.6570497" lon="0.0164082"><ele>544.0</ele></trkpt>
      <trkpt lat="38.6570979" lon="0.0163773"><ele>545.0</ele></trkpt>
      <trkpt lat="38.6571670" lon="0.0163331"><ele>546.0</ele></trkpt>
      <trkpt lat="38.6572529" lon="0.0163022"><ele>546.0</ele></trkpt>
      <trkpt lat="38.6572895" lon="0.0162862"><ele>546.0</ele></trkpt>
      <trkpt lat="38.6573388" lon="0.0162540"><ele>547.0</ele></trkpt>
      <trkpt lat="38.6574341" lon="0.0162312"><ele>547.0</ele></trkpt>
      <trkpt lat="38.6574958" lon="0.0162218"><ele>548.0</ele></trkpt>
      <trkpt lat="38.6575545" lon="0.0161976"><ele>548.0</ele></trkpt>
      <trkpt lat="38.6576393" lon="0.0161829"><ele>549.0</ele></trkpt>
      <trkpt lat="38.6576802" lon="0.0161601"><ele>550.0</ele></trkpt>
      <trkpt lat="38.6577053" lon="0.0161239"><ele>551.0</ele></trkpt>
      <trkpt lat="38.6577660" lon="0.0161024"><ele>552.0</ele></trkpt>
      <trkpt lat="38.6578331" lon="0.0160997"><ele>552.0</ele></trkpt>
      <trkpt lat="38.6578928" lon="0.0161252"><ele>551.0</ele></trkpt>
      <trkpt lat="38.6579462" lon="0.0161131"><ele>551.0</ele></trkpt>
      <trkpt lat="38.6579943" lon="0.0160850"><ele>551.0</ele></trkpt>
      <trkpt lat="38.6580383" lon="0.0160702"><ele>551.0</ele></trkpt>
      <trkpt lat="38.6581095" lon="0.0160340"><ele>552.0</ele></trkpt>
      <trkpt lat="38.6581713" lon="0.0160045"><ele>554.0</ele></trkpt>
      <trkpt lat="38.6582289" lon="0.0159267"><ele>557.0</ele></trkpt>
      <trkpt lat="38.6582729" lon="0.0159093"><ele>558.0</ele></trkpt>
      <trkpt lat="38.6583179" lon="0.0158677"><ele>561.0</ele></trkpt>
      <trkpt lat="38.6583609" lon="0.0158007"><ele>563.0</ele></trkpt>
      <trkpt lat="38.6583766" lon="0.0157738"><ele>563.0</ele></trkpt>
      <trkpt lat="38.6583850" lon="0.0157242"><ele>564.0</ele></trkpt>
      <trkpt lat="38.6584007" lon="0.0156920"><ele>564.0</ele></trkpt>
      <trkpt lat="38.6584111" lon="0.0156558"><ele>564.0</ele></trkpt>
      <trkpt lat="38.6584467" lon="0.0156344"><ele>565.0</ele></trkpt>
      <trkpt lat="38.6584897" lon="0.0156116"><ele>565.0</ele></trkpt>
      <trkpt lat="38.6585132" lon="0.0156046"><ele>565.0</ele></trkpt>
      <trkpt lat="38.6585220" lon="0.0156026"><ele>566.0</ele></trkpt>
      <trkpt lat="38.6585703" lon="0.0156210"><ele>565.0</ele></trkpt>
      <trkpt lat="38.6586154" lon="0.0156183"><ele>566.0</ele></trkpt>
      <trkpt lat="38.6586353" lon="0.0155968"><ele>566.0</ele></trkpt>
      <trkpt lat="38.6586897" lon="0.0155968"><ele>567.0</ele></trkpt>
      <trkpt lat="38.6587484" lon="0.0156062"><ele>567.0</ele></trkpt>
      <trkpt lat="38.6588091" lon="0.0155874"><ele>568.0</ele></trkpt>
      <trkpt lat="38.6588625" lon="0.0155365"><ele>570.0</ele></trkpt>
      <trkpt lat="38.6589044" lon="0.0155204"><ele>570.0</ele></trkpt>
      <trkpt lat="38.6589337" lon="0.0155217"><ele>570.0</ele></trkpt>
      <trkpt lat="38.6589829" lon="0.0154989"><ele>570.0</ele></trkpt>
      <trkpt lat="38.6590573" lon="0.0155056"><ele>570.0</ele></trkpt>
      <trkpt lat="38.6591254" lon="0.0155056"><ele>570.0</ele></trkpt>
      <trkpt lat="38.6591683" lon="0.0154721"><ele>570.0</ele></trkpt>
      <trkpt lat="38.6591976" lon="0.0154386"><ele>570.0</ele></trkpt>
      <trkpt lat="38.6592259" lon="0.0153662"><ele>571.0</ele></trkpt>
      <trkpt lat="38.6592814" lon="0.0153286"><ele>572.0</ele></trkpt>
      <trkpt lat="38.6593453" lon="0.0153179"><ele>572.0</ele></trkpt>
      <trkpt lat="38.6593955" lon="0.0153259"><ele>572.0</ele></trkpt>
      <trkpt lat="38.6594385" lon="0.0153058"><ele>573.0</ele></trkpt>
      <trkpt lat="38.6595463" lon="0.0152615"><ele>574.0</ele></trkpt>
      <trkpt lat="38.6596144" lon="0.0152428"><ele>575.0</ele></trkpt>
      <trkpt lat="38.6596898" lon="0.0152280"><ele>576.0</ele></trkpt>
      <trkpt lat="38.6597453" lon="0.0152213"><ele>576.0</ele></trkpt>
      <trkpt lat="38.6598825" lon="0.0151932"><ele>576.0</ele></trkpt>
      <trkpt lat="38.6599600" lon="0.0151945"><ele>576.0</ele></trkpt>
      <trkpt lat="38.6601475" lon="0.0152052"><ele>575.0</ele></trkpt>
      <trkpt lat="38.6601820" lon="0.0151838"><ele>575.0</ele></trkpt>
      <trkpt lat="38.6602962" lon="0.0151301"><ele>573.0</ele></trkpt>
      <trkpt lat="38.6603307" lon="0.0151087"><ele>573.0</ele></trkpt>
      <trkpt lat="38.6604459" lon="0.0150577"><ele>574.0</ele></trkpt>
      <trkpt lat="38.6605098" lon="0.0150604"><ele>574.0</ele></trkpt>
      <trkpt lat="38.6605737" lon="0.0150309"><ele>575.0</ele></trkpt>
      <trkpt lat="38.6606355" lon="0.0149960"><ele>575.0</ele></trkpt>
      <trkpt lat="38.6606910" lon="0.0149343"><ele>575.0</ele></trkpt>
      <trkpt lat="38.6607454" lon="0.0149169"><ele>575.0</ele></trkpt>
      <trkpt lat="38.6608093" lon="0.0149075"><ele>576.0</ele></trkpt>
      <trkpt lat="38.6608606" lon="0.0148793"><ele>576.0</ele></trkpt>
      <trkpt lat="38.6609391" lon="0.0148552"><ele>577.0</ele></trkpt>
      <trkpt lat="38.6610093" lon="0.0148069"><ele>578.0</ele></trkpt>
      <trkpt lat="38.6610659" lon="0.0147425"><ele>578.0</ele></trkpt>
      <trkpt lat="38.6610973" lon="0.0146916"><ele>579.0</ele></trkpt>
      <trkpt lat="38.6611381" lon="0.0146245"><ele>578.0</ele></trkpt>
      <trkpt lat="38.6611757" lon="0.0147044"><ele>577.0</ele></trkpt>
      <trkpt lat="38.6610973" lon="0.0146916"><ele>579.0</ele></trkpt>
      <trkpt lat="38.6610659" lon="0.0147425"><ele>578.0</ele></trkpt>
      <trkpt lat="38.6610093" lon="0.0148069"><ele>578.0</ele></trkpt>
      <trkpt lat="38.6609391" lon="0.0148552"><ele>577.0</ele></trkpt>
      <trkpt lat="38.6608606" lon="0.0148793"><ele>576.0</ele></trkpt>
      <trkpt lat="38.6608093" lon="0.0149075"><ele>576.0</ele></trkpt>
      <trkpt lat="38.6607454" lon="0.0149169"><ele>575.0</ele></trkpt>
      <trkpt lat="38.6606910" lon="0.0149343"><ele>575.0</ele></trkpt>
      <trkpt lat="38.6606355" lon="0.0149960"><ele>575.0</ele></trkpt>
      <trkpt lat="38.6605737" lon="0.0150309"><ele>575.0</ele></trkpt>
      <trkpt lat="38.6605098" lon="0.0150604"><ele>574.0</ele></trkpt>
      <trkpt lat="38.6604459" lon="0.0150577"><ele>574.0</ele></trkpt>
      <trkpt lat="38.6603307" lon="0.0151087"><ele>573.0</ele></trkpt>
      <trkpt lat="38.6602962" lon="0.0151301"><ele>573.0</ele></trkpt>
      <trkpt lat="38.6601820" lon="0.0151838"><ele>575.0</ele></trkpt>
      <trkpt lat="38.6601475" lon="0.0152052"><ele>575.0</ele></trkpt>
      <trkpt lat="38.6599600" lon="0.0151945"><ele>576.0</ele></trkpt>
      <trkpt lat="38.6598825" lon="0.0151932"><ele>576.0</ele></trkpt>
      <trkpt lat="38.6597453" lon="0.0152213"><ele>576.0</ele></trkpt>
      <trkpt lat="38.6596898" lon="0.0152280"><ele>576.0</ele></trkpt>
      <trkpt lat="38.6596144" lon="0.0152428"><ele>575.0</ele></trkpt>
      <trkpt lat="38.6595463" lon="0.0152615"><ele>574.0</ele></trkpt>
      <trkpt lat="38.6594385" lon="0.0153058"><ele>573.0</ele></trkpt>
      <trkpt lat="38.6593955" lon="0.0153259"><ele>572.0</ele></trkpt>
      <trkpt lat="38.6593453" lon="0.0153179"><ele>572.0</ele></trkpt>
      <trkpt lat="38.6592814" lon="0.0153286"><ele>572.0</ele></trkpt>
      <trkpt lat="38.6592259" lon="0.0153662"><ele>571.0</ele></trkpt>
      <trkpt lat="38.6591976" lon="0.0154386"><ele>570.0</ele></trkpt>
      <trkpt lat="38.6591683" lon="0.0154721"><ele>570.0</ele></trkpt>
      <trkpt lat="38.6591254" lon="0.0155056"><ele>570.0</ele></trkpt>
      <trkpt lat="38.6590573" lon="0.0155056"><ele>570.0</ele></trkpt>
      <trkpt lat="38.6589829" lon="0.0154989"><ele>570.0</ele></trkpt>
      <trkpt lat="38.6589337" lon="0.0155217"><ele>570.0</ele></trkpt>
      <trkpt lat="38.6589044" lon="0.0155204"><ele>570.0</ele></trkpt>
      <trkpt lat="38.6588625" lon="0.0155365"><ele>570.0</ele></trkpt>
      <trkpt lat="38.6588091" lon="0.0155874"><ele>568.0</ele></trkpt>
      <trkpt lat="38.6587484" lon="0.0156062"><ele>567.0</ele></trkpt>
      <trkpt lat="38.6586897" lon="0.0155968"><ele>567.0</ele></trkpt>
      <trkpt lat="38.6586353" lon="0.0155968"><ele>566.0</ele></trkpt>
      <trkpt lat="38.6586154" lon="0.0156183"><ele>566.0</ele></trkpt>
      <trkpt lat="38.6585703" lon="0.0156210"><ele>565.0</ele></trkpt>
      <trkpt lat="38.6585220" lon="0.0156026"><ele>566.0</ele></trkpt>
      <trkpt lat="38.6585132" lon="0.0156046"><ele>565.0</ele></trkpt>
      <trkpt lat="38.6584897" lon="0.0156116"><ele>565.0</ele></trkpt>
      <trkpt lat="38.6584467" lon="0.0156344"><ele>565.0</ele></trkpt>
      <trkpt lat="38.6584111" lon="0.0156558"><ele>564.0</ele></trkpt>
      <trkpt lat="38.6584007" lon="0.0156920"><ele>564.0</ele></trkpt>
      <trkpt lat="38.6583850" lon="0.0157242"><ele>564.0</ele></trkpt>
      <trkpt lat="38.6583766" lon="0.0157738"><ele>563.0</ele></trkpt>
      <trkpt lat="38.6583609" lon="0.0158007"><ele>563.0</ele></trkpt>
      <trkpt lat="38.6583179" lon="0.0158677"><ele>561.0</ele></trkpt>
      <trkpt lat="38.6582729" lon="0.0159093"><ele>558.0</ele></trkpt>
      <trkpt lat="38.6582289" lon="0.0159267"><ele>557.0</ele></trkpt>
      <trkpt lat="38.6581713" lon="0.0160045"><ele>554.0</ele></trkpt>
      <trkpt lat="38.6581095" lon="0.0160340"><ele>552.0</ele></trkpt>
      <trkpt lat="38.6580383" lon="0.0160702"><ele>551.0</ele></trkpt>
      <trkpt lat="38.6579943" lon="0.0160850"><ele>551.0</ele></trkpt>
      <trkpt lat="38.6579462" lon="0.0161131"><ele>551.0</ele></trkpt>
      <trkpt lat="38.6578928" lon="0.0161252"><ele>551.0</ele></trkpt>
      <trkpt lat="38.6578331" lon="0.0160997"><ele>552.0</ele></trkpt>
      <trkpt lat="38.6577660" lon="0.0161024"><ele>552.0</ele></trkpt>
      <trkpt lat="38.6577053" lon="0.0161239"><ele>551.0</ele></trkpt>
      <trkpt lat="38.6576802" lon="0.0161601"><ele>550.0</ele></trkpt>
      <trkpt lat="38.6576393" lon="0.0161829"><ele>549.0</ele></trkpt>
      <trkpt lat="38.6575545" lon="0.0161976"><ele>548.0</ele></trkpt>
      <trkpt lat="38.6574958" lon="0.0162218"><ele>548.0</ele></trkpt>
      <trkpt lat="38.6574341" lon="0.0162312"><ele>547.0</ele></trkpt>
      <trkpt lat="38.6573388" lon="0.0162540"><ele>547.0</ele></trkpt>
      <trkpt lat="38.6572895" lon="0.0162862"><ele>546.0</ele></trkpt>
      <trkpt lat="38.6572529" lon="0.0163022"><ele>546.0</ele></trkpt>
      <trkpt lat="38.6571670" lon="0.0163331"><ele>546.0</ele></trkpt>
      <trkpt lat="38.6570979" lon="0.0163773"><ele>545.0</ele></trkpt>
      <trkpt lat="38.6570497" lon="0.0164082"><ele>544.0</ele></trkpt>
      <trkpt lat="38.6569712" lon="0.0164310"><ele>543.0</ele></trkpt>
      <trkpt lat="38.6568780" lon="0.0164793"><ele>542.0</ele></trkpt>
      <trkpt lat="38.6568392" lon="0.0164806"><ele>541.0</ele></trkpt>
      <trkpt lat="38.6567659" lon="0.0164806"><ele>541.0</ele></trkpt>
      <trkpt lat="38.6566947" lon="0.0164712"><ele>540.0</ele></trkpt>
      <trkpt lat="38.6565564" lon="0.0164739"><ele>537.0</ele></trkpt>
      <trkpt lat="38.6564590" lon="0.0165021"><ele>534.0</ele></trkpt>
      <trkpt lat="38.6563941" lon="0.0165343"><ele>531.0</ele></trkpt>
      <trkpt lat="38.6563491" lon="0.0165571"><ele>530.0</ele></trkpt>
      <trkpt lat="38.6563156" lon="0.0165946"><ele>528.0</ele></trkpt>
      <trkpt lat="38.6563051" lon="0.0166348"><ele>527.0</ele></trkpt>
      <trkpt lat="38.6563061" lon="0.0166845"><ele>526.0</ele></trkpt>
      <trkpt lat="38.6563145" lon="0.0167272"><ele>526.0</ele></trkpt>
      <trkpt lat="38.6563269" lon="0.0168294"><ele>525.0</ele></trkpt>
      <trkpt lat="38.6563641" lon="0.0168907"><ele>525.0</ele></trkpt>
      <trkpt lat="38.6563695" lon="0.0169407"><ele>524.0</ele></trkpt>
      <trkpt lat="38.6563571" lon="0.0170338"><ele>523.0</ele></trkpt>
      <trkpt lat="38.6563535" lon="0.0171065"><ele>523.0</ele></trkpt>
      <trkpt lat="38.6563677" lon="0.0171746"><ele>523.0</ele></trkpt>
      <trkpt lat="38.6563446" lon="0.0172654"><ele>522.0</ele></trkpt>
      <trkpt lat="38.6562755" lon="0.0173109"><ele>521.0</ele></trkpt>
      <trkpt lat="38.6561850" lon="0.0173086"><ele>521.0</ele></trkpt>
      <trkpt lat="38.6560821" lon="0.0173222"><ele>520.0</ele></trkpt>
      <trkpt lat="38.6559278" lon="0.0173041"><ele>519.0</ele></trkpt>
      <trkpt lat="38.6558374" lon="0.0172927"><ele>519.0</ele></trkpt>
      <trkpt lat="38.6557132" lon="0.0173222"><ele>517.0</ele></trkpt>
      <trkpt lat="38.6556228" lon="0.0173994"><ele>516.0</ele></trkpt>
      <trkpt lat="38.6554525" lon="0.0175016"><ele>515.0</ele></trkpt>
      <trkpt lat="38.6553905" lon="0.0175425"><ele>515.0</ele></trkpt>
      <trkpt lat="38.6553089" lon="0.0175630"><ele>515.0</ele></trkpt>
      <trkpt lat="38.6552308" lon="0.0176084"><ele>515.0</ele></trkpt>
      <trkpt lat="38.6551829" lon="0.0176288"><ele>515.0</ele></trkpt>
      <trkpt lat="38.6551244" lon="0.0177038"><ele>515.0</ele></trkpt>
      <trkpt lat="38.6550606" lon="0.0177833"><ele>515.0</ele></trkpt>
      <trkpt lat="38.6550038" lon="0.0178196"><ele>515.0</ele></trkpt>
      <trkpt lat="38.6549276" lon="0.0178060"><ele>515.0</ele></trkpt>
      <trkpt lat="38.6547857" lon="0.0178287"><ele>514.0</ele></trkpt>
      <trkpt lat="38.6546952" lon="0.0178219"><ele>513.0</ele></trkpt>
      <trkpt lat="38.6546367" lon="0.0177924"><ele>513.0</ele></trkpt>
      <trkpt lat="38.6545267" lon="0.0178242"><ele>513.0</ele></trkpt>
      <trkpt lat="38.6544008" lon="0.0178310"><ele>512.0</ele></trkpt>
      <trkpt lat="38.6543086" lon="0.0178628"><ele>511.0</ele></trkpt>
      <trkpt lat="38.6542092" lon="0.0179195"><ele>510.0</ele></trkpt>
      <trkpt lat="38.6541472" lon="0.0179899"><ele>509.0</ele></trkpt>
      <trkpt lat="38.6540886" lon="0.0180422"><ele>508.0</ele></trkpt>
      <trkpt lat="38.6540017" lon="0.0181308"><ele>507.0</ele></trkpt>
      <trkpt lat="38.6539343" lon="0.0182012"><ele>506.0</ele></trkpt>
      <trkpt lat="38.6539077" lon="0.0182807"><ele>506.0</ele></trkpt>
      <trkpt lat="38.6538971" lon="0.0184169"><ele>506.0</ele></trkpt>
      <trkpt lat="38.6538699" lon="0.0185457"><ele>506.0</ele></trkpt>
      <trkpt lat="38.6538070" lon="0.0186342"><ele>506.0</ele></trkpt>
      <trkpt lat="38.6537337" lon="0.0186664"><ele>504.0</ele></trkpt>
      <trkpt lat="38.6536646" lon="0.0187093"><ele>503.0</ele></trkpt>
      <trkpt lat="38.6536311" lon="0.0188139"><ele>503.0</ele></trkpt>
      <trkpt lat="38.6535976" lon="0.0189346"><ele>502.0</ele></trkpt>
      <trkpt lat="38.6535494" lon="0.0190285"><ele>501.0</ele></trkpt>
      <trkpt lat="38.6534446" lon="0.0190633"><ele>500.0</ele></trkpt>
      <trkpt lat="38.6533504" lon="0.0190365"><ele>499.0</ele></trkpt>
      <trkpt lat="38.6532478" lon="0.0190687"><ele>499.0</ele></trkpt>
      <trkpt lat="38.6531807" lon="0.0190928"><ele>498.0</ele></trkpt>
      <trkpt lat="38.6531579" lon="0.0190970"><ele>498.0</ele></trkpt>
      <trkpt lat="38.6531136" lon="0.0189656"><ele>498.0</ele></trkpt>
      <trkpt lat="38.6530193" lon="0.0188610"><ele>497.0</ele></trkpt>
      <trkpt lat="38.6528560" lon="0.0186867"><ele>495.0</ele></trkpt>
      <trkpt lat="38.6527261" lon="0.0186572"><ele>495.0</ele></trkpt>
      <trkpt lat="38.6526423" lon="0.0186196"><ele>494.0</ele></trkpt>
      <trkpt lat="38.6525397" lon="0.0185365"><ele>493.0</ele></trkpt>
      <trkpt lat="38.6524245" lon="0.0185123"><ele>492.0</ele></trkpt>
      <trkpt lat="38.6522632" lon="0.0184775"><ele>490.0</ele></trkpt>
      <trkpt lat="38.6520767" lon="0.0184506"><ele>489.0</ele></trkpt>
      <trkpt lat="38.6518945" lon="0.0183755"><ele>490.0</ele></trkpt>
      <trkpt lat="38.6517981" lon="0.0183085"><ele>490.0</ele></trkpt>
      <trkpt lat="38.6516829" lon="0.0183219"><ele>490.0</ele></trkpt>
      <trkpt lat="38.6515356" lon="0.0182688"><ele>493.0</ele></trkpt>
      <trkpt lat="38.6514624" lon="0.0182499"><ele>494.0</ele></trkpt>
      <trkpt lat="38.6513430" lon="0.0182437"><ele>496.0</ele></trkpt>
      <trkpt lat="38.6511988" lon="0.0181449"><ele>498.0</ele></trkpt>
      <trkpt lat="38.6511068" lon="0.0181604"><ele>498.0</ele></trkpt>
      <trkpt lat="38.6509651" lon="0.0180961"><ele>499.0</ele></trkpt>
      <trkpt lat="38.6508849" lon="0.0180684"><ele>500.0</ele></trkpt>
      <trkpt lat="38.6508150" lon="0.0180659"><ele>500.0</ele></trkpt>
      <trkpt lat="38.6505455" lon="0.0180724"><ele>500.0</ele></trkpt>
      <trkpt lat="38.6503779" lon="0.0180429"><ele>501.0</ele></trkpt>
      <trkpt lat="38.6502900" lon="0.0180242"><ele>501.0</ele></trkpt>
      <trkpt lat="38.6501936" lon="0.0179330"><ele>501.0</ele></trkpt>
      <trkpt lat="38.6500868" lon="0.0178579"><ele>502.0</ele></trkpt>
      <trkpt lat="38.6499736" lon="0.0178069"><ele>503.0</ele></trkpt>
      <trkpt lat="38.6498794" lon="0.0177693"><ele>503.0</ele></trkpt>
      <trkpt lat="38.6497348" lon="0.0177425"><ele>504.0</ele></trkpt>
      <trkpt lat="38.6495128" lon="0.0177962"><ele>503.0</ele></trkpt>
      <trkpt lat="38.6494039" lon="0.0178552"><ele>504.0</ele></trkpt>
      <trkpt lat="38.6492698" lon="0.0178793"><ele>507.0</ele></trkpt>
      <trkpt lat="38.6491043" lon="0.0179249"><ele>510.0</ele></trkpt>
      <trkpt lat="38.6489430" lon="0.0179383"><ele>512.0</ele></trkpt>
      <trkpt lat="38.6488509" lon="0.0179920"><ele>513.0</ele></trkpt>
      <trkpt lat="38.6487273" lon="0.0180349"><ele>513.0</ele></trkpt>
      <trkpt lat="38.6486288" lon="0.0180698"><ele>513.0</ele></trkpt>
      <trkpt lat="38.6484403" lon="0.0180054"><ele>510.0</ele></trkpt>
      <trkpt lat="38.6483628" lon="0.0181180"><ele>509.0</ele></trkpt>
      <trkpt lat="38.6483104" lon="0.0181663"><ele>508.0</ele></trkpt>
      <trkpt lat="38.6481784" lon="0.0181180"><ele>499.0</ele></trkpt>
      <trkpt lat="38.6480988" lon="0.0180751"><ele>494.0</ele></trkpt>
      <trkpt lat="38.6480255" lon="0.0181019"><ele>490.0</ele></trkpt>
      <trkpt lat="38.6479501" lon="0.0181395"><ele>485.0</ele></trkpt>
      <trkpt lat="38.6478935" lon="0.0181475"><ele>482.0</ele></trkpt>
      <trkpt lat="38.6478433" lon="0.0181180"><ele>476.0</ele></trkpt>
      <trkpt lat="38.6478433" lon="0.0181180"><ele>476.0</ele></trkpt>
      <trkpt lat="38.6478935" lon="0.0181475"><ele>482.0</ele></trkpt>
      <trkpt lat="38.6479501" lon="0.0181395"><ele>485.0</ele></trkpt>
      <trkpt lat="38.6480255" lon="0.0181019"><ele>490.0</ele></trkpt>
      <trkpt lat="38.6480988" lon="0.0180751"><ele>494.0</ele></trkpt>
      <trkpt lat="38.6481784" lon="0.0181180"><ele>499.0</ele></trkpt>
      <trkpt lat="38.6483104" lon="0.0181663"><ele>508.0</ele></trkpt>
      <trkpt lat="38.6483628" lon="0.0181180"><ele>509.0</ele></trkpt>
      <trkpt lat="38.6484403" lon="0.0180054"><ele>510.0</ele></trkpt>
      <trkpt lat="38.6486288" lon="0.0180698"><ele>513.0</ele></trkpt>
      <trkpt lat="38.6487273" lon="0.0180349"><ele>513.0</ele></trkpt>
      <trkpt lat="38.6488509" lon="0.0179920"><ele>513.0</ele></trkpt>
      <trkpt lat="38.6489430" lon="0.0179383"><ele>512.0</ele></trkpt>
      <trkpt lat="38.6491043" lon="0.0179249"><ele>510.0</ele></trkpt>
      <trkpt lat="38.6492698" lon="0.0178793"><ele>507.0</ele></trkpt>
      <trkpt lat="38.6494039" lon="0.0178552"><ele>504.0</ele></trkpt>
      <trkpt lat="38.6495128" lon="0.0177962"><ele>503.0</ele></trkpt>
      <trkpt lat="38.6497348" lon="0.0177425"><ele>504.0</ele></trkpt>
      <trkpt lat="38.6498794" lon="0.0177693"><ele>503.0</ele></trkpt>
      <trkpt lat="38.6499736" lon="0.0178069"><ele>503.0</ele></trkpt>
      <trkpt lat="38.6500868" lon="0.0178579"><ele>502.0</ele></trkpt>
      <trkpt lat="38.6501936" lon="0.0179330"><ele>501.0</ele></trkpt>
      <trkpt lat="38.6502900" lon="0.0180242"><ele>501.0</ele></trkpt>
      <trkpt lat="38.6503779" lon="0.0180429"><ele>501.0</ele></trkpt>
      <trkpt lat="38.6505455" lon="0.0180724"><ele>500.0</ele></trkpt>
      <trkpt lat="38.6508150" lon="0.0180659"><ele>500.0</ele></trkpt>
      <trkpt lat="38.6508849" lon="0.0180684"><ele>500.0</ele></trkpt>
      <trkpt lat="38.6509651" lon="0.0180961"><ele>499.0</ele></trkpt>
      <trkpt lat="38.6511068" lon="0.0181604"><ele>498.0</ele></trkpt>
      <trkpt lat="38.6511988" lon="0.0181449"><ele>498.0</ele></trkpt>
      <trkpt lat="38.6515560" lon="0.0178221"><ele>496.0</ele></trkpt>
      <trkpt lat="38.6516681" lon="0.0179207"><ele>494.0</ele></trkpt>
      <trkpt lat="38.6524876" lon="0.0181001"><ele>488.0</ele></trkpt>
      <trkpt lat="38.6526346" lon="0.0179925"><ele>489.0</ele></trkpt>
      <trkpt lat="38.6525086" lon="0.0176786"><ele>484.0</ele></trkpt>
      <trkpt lat="38.6527957" lon="0.0174454"><ele>480.0</ele></trkpt>
      <trkpt lat="38.6527537" lon="0.0172302"><ele>479.0</ele></trkpt>
      <trkpt lat="38.6527957" lon="0.0169701"><ele>474.0</ele></trkpt>
      <trkpt lat="38.6524385" lon="0.0168535"><ele>471.0</ele></trkpt>
      <trkpt lat="38.6521024" lon="0.0166113"><ele>459.0</ele></trkpt>
      <trkpt lat="38.6516751" lon="0.0164051"><ele>451.0</ele></trkpt>
      <trkpt lat="38.6511708" lon="0.0162616"><ele>433.0</ele></trkpt>
      <trkpt lat="38.6507996" lon="0.0163243"><ele>424.0</ele></trkpt>
      <trkpt lat="38.6505438" lon="0.0162191"><ele>418.0</ele></trkpt>
      <trkpt lat="38.6505029" lon="0.0162110"><ele>417.0</ele></trkpt>
      <trkpt lat="38.6504506" lon="0.0161789"><ele>417.0</ele></trkpt>
      <trkpt lat="38.6504254" lon="0.0161467"><ele>416.0</ele></trkpt>
      <trkpt lat="38.6503762" lon="0.0161172"><ele>415.0</ele></trkpt>
      <trkpt lat="38.6503238" lon="0.0160877"><ele>414.0</ele></trkpt>
      <trkpt lat="38.6502945" lon="0.0160622"><ele>414.0</ele></trkpt>
      <trkpt lat="38.6502673" lon="0.0160313"><ele>413.0</ele></trkpt>
      <trkpt lat="38.6502484" lon="0.0159884"><ele>413.0</ele></trkpt>
      <trkpt lat="38.6502160" lon="0.0159710"><ele>412.0</ele></trkpt>
      <trkpt lat="38.6501667" lon="0.0159200"><ele>412.0</ele></trkpt>
      <trkpt lat="38.6501280" lon="0.0158771"><ele>411.0</ele></trkpt>
      <trkpt lat="38.6500913" lon="0.0158181"><ele>410.0</ele></trkpt>
      <trkpt lat="38.6500526" lon="0.0157752"><ele>410.0</ele></trkpt>
      <trkpt lat="38.6500411" lon="0.0157390"><ele>410.0</ele></trkpt>
      <trkpt lat="38.6499876" lon="0.0157108"><ele>408.0</ele></trkpt>
      <trkpt lat="38.6499311" lon="0.0156934"><ele>406.0</ele></trkpt>
      <trkpt lat="38.6498515" lon="0.0156786"><ele>402.0</ele></trkpt>
      <trkpt lat="38.6497645" lon="0.0156639"><ele>398.0</ele></trkpt>
      <trkpt lat="38.6497122" lon="0.0156572"><ele>396.0</ele></trkpt>
      <trkpt lat="38.6496420" lon="0.0156531"><ele>395.0</ele></trkpt>
      <trkpt lat="38.6495991" lon="0.0156384"><ele>393.0</ele></trkpt>
      <trkpt lat="38.6495593" lon="0.0156143"><ele>392.0</ele></trkpt>
      <trkpt lat="38.6495163" lon="0.0156129"><ele>391.0</ele></trkpt>
      <trkpt lat="38.6494692" lon="0.0155888"><ele>390.0</ele></trkpt>
      <trkpt lat="38.6494210" lon="0.0155794"><ele>389.0</ele></trkpt>
      <trkpt lat="38.6493969" lon="0.0155512"><ele>388.0</ele></trkpt>
      <trkpt lat="38.6493707" lon="0.0155056"><ele>387.0</ele></trkpt>
      <trkpt lat="38.6493487" lon="0.0154480"><ele>386.0</ele></trkpt>
      <trkpt lat="38.6493257" lon="0.0153997"><ele>385.0</ele></trkpt>
      <trkpt lat="38.6492943" lon="0.0153635"><ele>384.0</ele></trkpt>
      <trkpt lat="38.6492231" lon="0.0152535"><ele>382.0</ele></trkpt>
      <trkpt lat="38.6491843" lon="0.0151744"><ele>379.0</ele></trkpt>
      <trkpt lat="38.6491571" lon="0.0151261"><ele>378.0</ele></trkpt>
      <trkpt lat="38.6491571" lon="0.0150497"><ele>376.0</ele></trkpt>
      <trkpt lat="38.6491256" lon="0.0149973"><ele>374.0</ele></trkpt>
      <trkpt lat="38.6490754" lon="0.0149222"><ele>371.0</ele></trkpt>
      <trkpt lat="38.6490628" lon="0.0148404"><ele>369.0</ele></trkpt>
      <trkpt lat="38.6490932" lon="0.0147814"><ele>367.0</ele></trkpt>
      <trkpt lat="38.6491152" lon="0.0147278"><ele>366.0</ele></trkpt>
      <trkpt lat="38.6491005" lon="0.0146916"><ele>364.0</ele></trkpt>
      <trkpt lat="38.6490618" lon="0.0146420"><ele>362.0</ele></trkpt>
      <trkpt lat="38.6490366" lon="0.0146165"><ele>361.0</ele></trkpt>
      <trkpt lat="38.6490314" lon="0.0145695"><ele>360.0</ele></trkpt>
      <trkpt lat="38.6490586" lon="0.0145414"><ele>359.0</ele></trkpt>
      <trkpt lat="38.6490534" lon="0.0145119"><ele>358.0</ele></trkpt>
      <trkpt lat="38.6490125" lon="0.0144555"><ele>356.0</ele></trkpt>
      <trkpt lat="38.6489769" lon="0.0143952"><ele>354.0</ele></trkpt>
      <trkpt lat="38.6489623" lon="0.0143456"><ele>353.0</ele></trkpt>
      <trkpt lat="38.6489570" lon="0.0142705"><ele>350.0</ele></trkpt>
      <trkpt lat="38.6489570" lon="0.0141605"><ele>346.0</ele></trkpt>
      <trkpt lat="38.6489570" lon="0.0141002"><ele>344.0</ele></trkpt>
      <trkpt lat="38.6489633" lon="0.0140559"><ele>343.0</ele></trkpt>
      <trkpt lat="38.6489654" lon="0.0139593"><ele>340.0</ele></trkpt>
      <trkpt lat="38.6489602" lon="0.0139204"><ele>339.0</ele></trkpt>
      <trkpt lat="38.6489560" lon="0.0138681"><ele>337.0</ele></trkpt>
      <trkpt lat="38.6489685" lon="0.0138145"><ele>335.0</ele></trkpt>
      <trkpt lat="38.6490167" lon="0.0137917"><ele>335.0</ele></trkpt>
      <trkpt lat="38.6490722" lon="0.0137810"><ele>336.0</ele></trkpt>
      <trkpt lat="38.6491047" lon="0.0137984"><ele>336.0</ele></trkpt>
      <trkpt lat="38.6491162" lon="0.0137582"><ele>336.0</ele></trkpt>
      <trkpt lat="38.6491288" lon="0.0137005"><ele>334.0</ele></trkpt>
      <trkpt lat="38.6491602" lon="0.0136562"><ele>334.0</ele></trkpt>
      <trkpt lat="38.6491885" lon="0.0136294"><ele>334.0</ele></trkpt>
      <trkpt lat="38.6492168" lon="0.0136147"><ele>334.0</ele></trkpt>
      <trkpt lat="38.6492293" lon="0.0135838"><ele>333.0</ele></trkpt>
      <trkpt lat="38.6492202" lon="0.0135470"><ele>332.0</ele></trkpt>
      <trkpt lat="38.6491895" lon="0.0134484"><ele>329.0</ele></trkpt>
      <trkpt lat="38.6492597" lon="0.0134484"><ele>331.0</ele></trkpt>
      <trkpt lat="38.6495582" lon="0.0134122"><ele>333.0</ele></trkpt>
      <trkpt lat="38.6497059" lon="0.0133867"><ele>330.0</ele></trkpt>
      <trkpt lat="38.6498180" lon="0.0133585"><ele>329.0</ele></trkpt>
      <trkpt lat="38.6498661" lon="0.0132995"><ele>327.0</ele></trkpt>
      <trkpt lat="38.6498829" lon="0.0131748"><ele>325.0</ele></trkpt>
      <trkpt lat="38.6498965" lon="0.0131104"><ele>324.0</ele></trkpt>
      <trkpt lat="38.6499165" lon="0.0130570"><ele>323.0</ele></trkpt>
      <trkpt lat="38.6499594" lon="0.0129991"><ele>321.0</ele></trkpt>
      <trkpt lat="38.6500254" lon="0.0129604"><ele>321.0</ele></trkpt>
      <trkpt lat="38.6501248" lon="0.0129468"><ele>321.0</ele></trkpt>
      <trkpt lat="38.6501961" lon="0.0129213"><ele>321.0</ele></trkpt>
      <trkpt lat="38.6502662" lon="0.0127617"><ele>319.0</ele></trkpt>
      <trkpt lat="38.6503605" lon="0.0126142"><ele>317.0</ele></trkpt>
      <trkpt lat="38.6505249" lon="0.0124493"><ele>317.0</ele></trkpt>
      <trkpt lat="38.6506591" lon="0.0123259"><ele>319.0</ele></trkpt>
      <trkpt lat="38.6508014" lon="0.0121824"><ele>321.0</ele></trkpt>
      <trkpt lat="38.6508643" lon="0.0121126"><ele>322.0</ele></trkpt>
      <trkpt lat="38.6508905" lon="0.0120255"><ele>321.0</ele></trkpt>
      <trkpt lat="38.6508978" lon="0.0119168"><ele>321.0</ele></trkpt>
      <trkpt lat="38.6508800" lon="0.0118176"><ele>320.0</ele></trkpt>
      <trkpt lat="38.6508287" lon="0.0116969"><ele>318.0</ele></trkpt>
      <trkpt lat="38.6508119" lon="0.0116137"><ele>317.0</ele></trkpt>
      <trkpt lat="38.6508297" lon="0.0115225"><ele>317.0</ele></trkpt>
      <trkpt lat="38.6508527" lon="0.0114648"><ele>318.0</ele></trkpt>
      <trkpt lat="38.6508601" lon="0.0114461"><ele>318.0</ele></trkpt>
      <trkpt lat="38.6508915" lon="0.0113643"><ele>319.0</ele></trkpt>
      <trkpt lat="38.6509334" lon="0.0112516"><ele>320.0</ele></trkpt>
      <trkpt lat="38.6509396" lon="0.0111558"><ele>320.0</ele></trkpt>
      <trkpt lat="38.6509321" lon="0.0110591"><ele>319.0</ele></trkpt>
      <trkpt lat="38.6509019" lon="0.0109520"><ele>318.0</ele></trkpt>
      <trkpt lat="38.6508606" lon="0.0108339"><ele>317.0</ele></trkpt>
      <trkpt lat="38.6508200" lon="0.0108516"><ele>317.0</ele></trkpt>
      <trkpt lat="38.6505043" lon="0.0106623"><ele>309.0</ele></trkpt>
      <trkpt lat="38.6504819" lon="0.0107188"><ele>309.0</ele></trkpt>
      <trkpt lat="38.6502580" lon="0.0106637"><ele>302.0</ele></trkpt>
      <trkpt lat="38.6501133" lon="0.0104883"><ele>294.0</ele></trkpt>
      <trkpt lat="38.6498925" lon="0.0106052"><ele>285.0</ele></trkpt>
      <trkpt lat="38.6499058" lon="0.0107125"><ele>287.0</ele></trkpt>
      <trkpt lat="38.6498903" lon="0.0107695"><ele>287.0</ele></trkpt>
      <trkpt lat="38.6495270" lon="0.0108100"><ele>272.0</ele></trkpt>
      <trkpt lat="38.6491996" lon="0.0111025"><ele>264.0</ele></trkpt>
      <trkpt lat="38.6489788" lon="0.0110440"><ele>255.0</ele></trkpt>
      <trkpt lat="38.6488494" lon="0.0111610"><ele>254.0</ele></trkpt>
      <trkpt lat="38.6487728" lon="0.0111303"><ele>251.0</ele></trkpt>
      <trkpt lat="38.6487215" lon="0.0109094"><ele>245.0</ele></trkpt>
      <trkpt lat="38.6484839" lon="0.0106930"><ele>242.0</ele></trkpt>
      <trkpt lat="38.6483024" lon="0.0106150"><ele>241.0</ele></trkpt>
      <trkpt lat="38.6482106" lon="0.0104364"><ele>239.0</ele></trkpt>
      <trkpt lat="38.6481478" lon="0.0104224"><ele>238.0</ele></trkpt>
      <trkpt lat="38.6480106" lon="0.0104681"><ele>237.0</ele></trkpt>
      <trkpt lat="38.6479237" lon="0.0104158"><ele>234.0</ele></trkpt>
      <trkpt lat="38.6476768" lon="0.0104883"><ele>231.0</ele></trkpt>
      <trkpt lat="38.6476713" lon="0.0104477"><ele>230.0</ele></trkpt>
      <trkpt lat="38.6480702" lon="0.0102427"><ele>233.0</ele></trkpt>
      <trkpt lat="38.6480731" lon="0.0101556"><ele>232.0</ele></trkpt>
      <trkpt lat="38.6479480" lon="0.0102169"><ele>230.0</ele></trkpt>
      <trkpt lat="38.6477531" lon="0.0102760"><ele>226.0</ele></trkpt>
      <trkpt lat="38.6476002" lon="0.0102974"><ele>224.0</ele></trkpt>
      <trkpt lat="38.6474913" lon="0.0103135"><ele>222.0</ele></trkpt>
      <trkpt lat="38.6474368" lon="0.0103296"><ele>222.0</ele></trkpt>
      <trkpt lat="38.6473782" lon="0.0103591"><ele>223.0</ele></trkpt>
      <trkpt lat="38.6473206" lon="0.0104060"><ele>223.0</ele></trkpt>
      <trkpt lat="38.6472619" lon="0.0104423"><ele>223.0</ele></trkpt>
      <trkpt lat="38.6472001" lon="0.0104691"><ele>222.0</ele></trkpt>
      <trkpt lat="38.6471425" lon="0.0104798"><ele>221.0</ele></trkpt>
      <trkpt lat="38.6470514" lon="0.0105053"><ele>219.0</ele></trkpt>
      <trkpt lat="38.6469948" lon="0.0105388"><ele>217.0</ele></trkpt>
      <trkpt lat="38.6469487" lon="0.0106032"><ele>217.0</ele></trkpt>
      <trkpt lat="38.6468943" lon="0.0107306"><ele>220.0</ele></trkpt>
      <trkpt lat="38.6468241" lon="0.0107883"><ele>221.0</ele></trkpt>
      <trkpt lat="38.6467612" lon="0.0108151"><ele>221.0</ele></trkpt>
      <trkpt lat="38.6466932" lon="0.0108231"><ele>222.0</ele></trkpt>
      <trkpt lat="38.6466209" lon="0.0108204"><ele>220.0</ele></trkpt>
      <trkpt lat="38.6465528" lon="0.0108003"><ele>217.0</ele></trkpt>
      <trkpt lat="38.6464481" lon="0.0107480"><ele>211.0</ele></trkpt>
      <trkpt lat="38.6464219" lon="0.0107400"><ele>210.0</ele></trkpt>
      <trkpt lat="38.6463915" lon="0.0107413"><ele>209.0</ele></trkpt>
      <trkpt lat="38.6463622" lon="0.0107534"><ele>208.0</ele></trkpt>
      <trkpt lat="38.6463423" lon="0.0107708"><ele>208.0</ele></trkpt>
      <trkpt lat="38.6461714" lon="0.0110319"><ele>211.0</ele></trkpt>
      <trkpt lat="38.6461054" lon="0.0111204"><ele>212.0</ele></trkpt>
      <trkpt lat="38.6460844" lon="0.0111499"><ele>212.0</ele></trkpt>
      <trkpt lat="38.6460708" lon="0.0111915"><ele>213.0</ele></trkpt>
      <trkpt lat="38.6460541" lon="0.0112438"><ele>215.0</ele></trkpt>
      <trkpt lat="38.6460488" lon="0.0113095"><ele>217.0</ele></trkpt>
      <trkpt lat="38.6460321" lon="0.0113471"><ele>217.0</ele></trkpt>
      <trkpt lat="38.6460059" lon="0.0113766"><ele>217.0</ele></trkpt>
      <trkpt lat="38.6459462" lon="0.0114208"><ele>215.0</ele></trkpt>
      <trkpt lat="38.6458863" lon="0.0114373"><ele>212.0</ele></trkpt>
      <trkpt lat="38.6455995" lon="0.0114248"><ele>198.0</ele></trkpt>
      <trkpt lat="38.6455335" lon="0.0114302"><ele>196.0</ele></trkpt>
      <trkpt lat="38.6454885" lon="0.0114610"><ele>195.0</ele></trkpt>
      <trkpt lat="38.6454612" lon="0.0115093"><ele>196.0</ele></trkpt>
      <trkpt lat="38.6454518" lon="0.0115737"><ele>197.0</ele></trkpt>
      <trkpt lat="38.6454623" lon="0.0116877"><ele>201.0</ele></trkpt>
      <trkpt lat="38.6454549" lon="0.0117440"><ele>202.0</ele></trkpt>
      <trkpt lat="38.6454319" lon="0.0118138"><ele>203.0</ele></trkpt>
      <trkpt lat="38.6453869" lon="0.0118714"><ele>202.0</ele></trkpt>
      <trkpt lat="38.6453156" lon="0.0119237"><ele>200.0</ele></trkpt>
      <trkpt lat="38.6452685" lon="0.0119787"><ele>199.0</ele></trkpt>
      <trkpt lat="38.6446570" lon="0.0116490"><ele>177.0</ele></trkpt>
      <trkpt lat="38.6445100" lon="0.0114390"><ele>169.0</ele></trkpt>
      <trkpt lat="38.6440010" lon="0.0113600"><ele>177.0</ele></trkpt>
      <trkpt lat="38.6436770" lon="0.0110760"><ele>180.0</ele></trkpt>
      <trkpt lat="38.6436770" lon="0.0110760"><ele>180.0</ele></trkpt>
      <trkpt lat="38.6435000" lon="0.0111830"><ele>178.0</ele></trkpt>
      <trkpt lat="38.6434100" lon="0.0112570"><ele>177.0</ele></trkpt>
      <trkpt lat="38.6433520" lon="0.0113740"><ele>175.0</ele></trkpt>
      <trkpt lat="38.6433370" lon="0.0116080"><ele>173.0</ele></trkpt>
      <trkpt lat="38.6434250" lon="0.0116840"><ele>174.0</ele></trkpt>
      <trkpt lat="38.6435670" lon="0.0118750"><ele>175.0</ele></trkpt>
      <trkpt lat="38.6436330" lon="0.0119990"><ele>176.0</ele></trkpt>
      <trkpt lat="38.6436690" lon="0.0121610"><ele>175.0</ele></trkpt>
      <trkpt lat="38.6436200" lon="0.0122500"><ele>174.0</ele></trkpt>
      <trkpt lat="38.6435480" lon="0.0123600"><ele>174.0</ele></trkpt>
      <trkpt lat="38.6434800" lon="0.0125180"><ele>175.0</ele></trkpt>
      <trkpt lat="38.6430240" lon="0.0126730"><ele>175.0</ele></trkpt>
      <trkpt lat="38.6429340" lon="0.0128170"><ele>175.0</ele></trkpt>
      <trkpt lat="38.6428180" lon="0.0130670"><ele>176.0</ele></trkpt>
      <trkpt lat="38.6427410" lon="0.0132920"><ele>176.0</ele></trkpt>
      <trkpt lat="38.6426320" lon="0.0135860"><ele>174.0</ele></trkpt>
      <trkpt lat="38.6420710" lon="0.0141990"><ele>160.0</ele></trkpt>
      <trkpt lat="38.6419980" lon="0.0144910"><ele>160.0</ele></trkpt>
      <trkpt lat="38.6417610" lon="0.0146950"><ele>158.0</ele></trkpt>
      <trkpt lat="38.6416550" lon="0.0148310"><ele>158.0</ele></trkpt>
      <trkpt lat="38.6414040" lon="0.0149890"><ele>157.0</ele></trkpt>
      <trkpt lat="38.6409850" lon="0.0152000"><ele>162.0</ele></trkpt>
      <trkpt lat="38.6408680" lon="0.0154940"><ele>165.0</ele></trkpt>
      <trkpt lat="38.6407540" lon="0.0167340"><ele>146.0</ele></trkpt>
      <trkpt lat="38.6408980" lon="0.0172510"><ele>140.0</ele></trkpt>
      <trkpt lat="38.6410860" lon="0.0180400"><ele>134.0</ele></trkpt>
      <trkpt lat="38.6409100" lon="0.0183460"><ele>129.0</ele></trkpt>
      <trkpt lat="38.6407780" lon="0.0186310"><ele>126.0</ele></trkpt>
      <trkpt lat="38.6407120" lon="0.0191810"><ele>122.0</ele></trkpt>
      <trkpt lat="38.6405820" lon="0.0194920"><ele>116.0</ele></trkpt>
      <trkpt lat="38.6405120" lon="0.0199960"><ele>112.0</ele></trkpt>
      <trkpt lat="38.6405610" lon="0.0202060"><ele>113.0</ele></trkpt>
      <trkpt lat="38.6405270" lon="0.0204520"><ele>114.0</ele></trkpt>
      <trkpt lat="38.6404960" lon="0.0207260"><ele>114.0</ele></trkpt>
      <trkpt lat="38.6405690" lon="0.0206650"><ele>116.0</ele></trkpt>
      <trkpt lat="38.6407530" lon="0.0204600"><ele>121.0</ele></trkpt>
      <trkpt lat="38.6409480" lon="0.0204060"><ele>125.0</ele></trkpt>
      <trkpt lat="38.6409910" lon="0.0204680"><ele>126.0</ele></trkpt>
      <trkpt lat="38.6410240" lon="0.0205660"><ele>126.0</ele></trkpt>
      <trkpt lat="38.6410360" lon="0.0206390"><ele>126.0</ele></trkpt>
      <trkpt lat="38.6410170" lon="0.0207880"><ele>125.0</ele></trkpt>
      <trkpt lat="38.6410080" lon="0.0209050"><ele>124.0</ele></trkpt>
      <trkpt lat="38.6410320" lon="0.0210230"><ele>123.0</ele></trkpt>
      <trkpt lat="38.6410960" lon="0.0212800"><ele>121.0</ele></trkpt>
      <trkpt lat="38.6411460" lon="0.0214460"><ele>121.0</ele></trkpt>
      <trkpt lat="38.6412050" lon="0.0215990"><ele>122.0</ele></trkpt>
      <trkpt lat="38.6412560" lon="0.0216680"><ele>122.0</ele></trkpt>
      <trkpt lat="38.6413480" lon="0.0217740"><ele>122.0</ele></trkpt>
      <trkpt lat="38.6414680" lon="0.0218340"><ele>124.0</ele></trkpt>
      <trkpt lat="38.6416000" lon="0.0218410"><ele>127.0</ele></trkpt>
      <trkpt lat="38.6416300" lon="0.0218940"><ele>127.0</ele></trkpt>
      <trkpt lat="38.6416440" lon="0.0221580"><ele>123.0</ele></trkpt>
      <trkpt lat="38.6417250" lon="0.0223350"><ele>124.0</ele></trkpt>
      <trkpt lat="38.6417990" lon="0.0225410"><ele>124.0</ele></trkpt>
      <trkpt lat="38.6419570" lon="0.0226140"><ele>127.0</ele></trkpt>
      <trkpt lat="38.6421560" lon="0.0225770"><ele>134.0</ele></trkpt>
      <trkpt lat="38.6422530" lon="0.0227000"><ele>135.0</ele></trkpt>
      <trkpt lat="38.6424860" lon="0.0230380"><ele>136.0</ele></trkpt>
      <trkpt lat="38.6425850" lon="0.0231630"><ele>138.0</ele></trkpt>
      <trkpt lat="38.6427600" lon="0.0234380"><ele>141.0</ele></trkpt>
      <trkpt lat="38.6428710" lon="0.0235480"><ele>143.0</ele></trkpt>
      <trkpt lat="38.6429500" lon="0.0237460"><ele>142.0</ele></trkpt>
      <trkpt lat="38.6429980" lon="0.0238760"><ele>142.0</ele></trkpt>
      <trkpt lat="38.6431300" lon="0.0241260"><ele>148.0</ele></trkpt>
      <trkpt lat="38.6432070" lon="0.0241670"><ele>152.0</ele></trkpt>
      <trkpt lat="38.6432550" lon="0.0242180"><ele>152.0</ele></trkpt>
      <trkpt lat="38.6432830" lon="0.0242750"><ele>152.0</ele></trkpt>
      <trkpt lat="38.6433000" lon="0.0243370"><ele>150.0</ele></trkpt>
      <trkpt lat="38.6433140" lon="0.0244020"><ele>149.0</ele></trkpt>
      <trkpt lat="38.6433350" lon="0.0244690"><ele>147.0</ele></trkpt>
      <trkpt lat="38.6433720" lon="0.0245340"><ele>146.0</ele></trkpt>
      <trkpt lat="38.6434330" lon="0.0245970"><ele>145.0</ele></trkpt>
      <trkpt lat="38.6434990" lon="0.0246160"><ele>146.0</ele></trkpt>
      <trkpt lat="38.6435740" lon="0.0246620"><ele>147.0</ele></trkpt>
      <trkpt lat="38.6438950" lon="0.0247540"><ele>150.0</ele></trkpt>
      <trkpt lat="38.6441490" lon="0.0248140"><ele>150.0</ele></trkpt>
      <trkpt lat="38.6442900" lon="0.0250000"><ele>152.0</ele></trkpt>
      <trkpt lat="38.6442420" lon="0.0257240"><ele>135.0</ele></trkpt>
      <trkpt lat="38.6442080" lon="0.0262070"><ele>121.0</ele></trkpt>
      <trkpt lat="38.6442940" lon="0.0262890"><ele>121.0</ele></trkpt>
      <trkpt lat="38.6444640" lon="0.0263840"><ele>122.0</ele></trkpt>
      <trkpt lat="38.6445680" lon="0.0265640"><ele>120.0</ele></trkpt>
      <trkpt lat="38.6448120" lon="0.0267100"><ele>120.0</ele></trkpt>
      <trkpt lat="38.6448850" lon="0.0268290"><ele>120.0</ele></trkpt>
      <trkpt lat="38.6447560" lon="0.0271480"><ele>115.0</ele></trkpt>
      <trkpt lat="38.6446360" lon="0.0270820"><ele>113.0</ele></trkpt>
      <trkpt lat="38.6445340" lon="0.0271350"><ele>111.0</ele></trkpt>
      <trkpt lat="38.6444200" lon="0.0273020"><ele>107.0</ele></trkpt>
      <trkpt lat="38.6443360" lon="0.0276000"><ele>103.0</ele></trkpt>
      <trkpt lat="38.6441590" lon="0.0277770"><ele>98.0</ele></trkpt>
      <trkpt lat="38.6440850" lon="0.0279450"><ele>96.0</ele></trkpt>
      <trkpt lat="38.6440070" lon="0.0283300"><ele>92.0</ele></trkpt>
      <trkpt lat="38.6441560" lon="0.0285860"><ele>90.0</ele></trkpt>
      <trkpt lat="38.6443060" lon="0.0288350"><ele>93.0</ele></trkpt>
      <trkpt lat="38.6444540" lon="0.0290810"><ele>92.0</ele></trkpt>
      <trkpt lat="38.6446000" lon="0.0293260"><ele>91.0</ele></trkpt>
      <trkpt lat="38.6447440" lon="0.0295730"><ele>90.0</ele></trkpt>
      <trkpt lat="38.6448840" lon="0.0298270"><ele>91.0</ele></trkpt>
      <trkpt lat="38.6450190" lon="0.0300890"><ele>89.0</ele></trkpt>
      <trkpt lat="38.6451480" lon="0.0303630"><ele>85.0</ele></trkpt>
      <trkpt lat="38.6457560" lon="0.0308560"><ele>88.0</ele></trkpt>
      <trkpt lat="38.6459800" lon="0.0311360"><ele>87.0</ele></trkpt>
      <trkpt lat="38.6461360" lon="0.0313950"><ele>86.0</ele></trkpt>
      <trkpt lat="38.6462010" lon="0.0316570"><ele>88.0</ele></trkpt>
      <trkpt lat="38.6463060" lon="0.0317770"><ele>90.0</ele></trkpt>
      <trkpt lat="38.6464620" lon="0.0319170"><ele>92.0</ele></trkpt>
      <trkpt lat="38.6466740" lon="0.0322560"><ele>92.0</ele></trkpt>
      <trkpt lat="38.6468190" lon="0.0325640"><ele>93.0</ele></trkpt>
      <trkpt lat="38.6471630" lon="0.0332090"><ele>89.0</ele></trkpt>
      <trkpt lat="38.6475020" lon="0.0337950"><ele>87.0</ele></trkpt>
      <trkpt lat="38.6477420" lon="0.0342990"><ele>86.0</ele></trkpt>
      <trkpt lat="38.6480120" lon="0.0345870"><ele>87.0</ele></trkpt>
      <trkpt lat="38.6484230" lon="0.0349060"><ele>86.0</ele></trkpt>
      <trkpt lat="38.6486730" lon="0.0350610"><ele>85.0</ele></trkpt>
      <trkpt lat="38.6488190" lon="0.0351090"><ele>83.0</ele></trkpt>
      <trkpt lat="38.6489960" lon="0.0350750"><ele>83.0</ele></trkpt>
      <trkpt lat="38.6491010" lon="0.0350270"><ele>84.0</ele></trkpt>
      <trkpt lat="38.6492580" lon="0.0349650"><ele>86.0</ele></trkpt>
      <trkpt lat="38.6493860" lon="0.0351780"><ele>84.0</ele></trkpt>
      <trkpt lat="38.6493080" lon="0.0352110"><ele>84.0</ele></trkpt>
      <trkpt lat="38.6492670" lon="0.0353340"><ele>82.0</ele></trkpt>
      <trkpt lat="38.6492370" lon="0.0354950"><ele>82.0</ele></trkpt>
      <trkpt lat="38.6491800" lon="0.0356630"><ele>81.0</ele></trkpt>
      <trkpt lat="38.6491140" lon="0.0358290"><ele>81.0</ele></trkpt>
      <trkpt lat="38.6490810" lon="0.0359610"><ele>80.0</ele></trkpt>
      <trkpt lat="38.6490240" lon="0.0360580"><ele>80.0</ele></trkpt>
      <trkpt lat="38.6490060" lon="0.0361610"><ele>79.0</ele></trkpt>
      <trkpt lat="38.6490190" lon="0.0362530"><ele>79.0</ele></trkpt>
      <trkpt lat="38.6490840" lon="0.0366170"><ele>75.0</ele></trkpt>
      <trkpt lat="38.6490180" lon="0.0367270"><ele>75.0</ele></trkpt>
      <trkpt lat="38.6489030" lon="0.0368600"><ele>75.0</ele></trkpt>
      <trkpt lat="38.6487860" lon="0.0369400"><ele>74.0</ele></trkpt>
      <trkpt lat="38.6486420" lon="0.0370310"><ele>72.0</ele></trkpt>
      <trkpt lat="38.6485260" lon="0.0370020"><ele>71.0</ele></trkpt>
      <trkpt lat="38.6481590" lon="0.0372530"><ele>64.0</ele></trkpt>
      <trkpt lat="38.6480650" lon="0.0376450"><ele>61.0</ele></trkpt>
      <trkpt lat="38.6479920" lon="0.0378450"><ele>60.0</ele></trkpt>
      <trkpt lat="38.6480190" lon="0.0380020"><ele>60.0</ele></trkpt>
      <trkpt lat="38.6482180" lon="0.0381060"><ele>62.0</ele></trkpt>
      <trkpt lat="38.6481560" lon="0.0382470"><ele>60.0</ele></trkpt>
      <trkpt lat="38.6481220" lon="0.0385330"><ele>58.0</ele></trkpt>
      <trkpt lat="38.6480170" lon="0.0389960"><ele>55.0</ele></trkpt>
      <trkpt lat="38.6480000" lon="0.0394810"><ele>55.0</ele></trkpt>
      <trkpt lat="38.6479290" lon="0.0401760"><ele>49.0</ele></trkpt>
      <trkpt lat="38.6478840" lon="0.0404070"><ele>47.0</ele></trkpt>
      <trkpt lat="38.6478290" lon="0.0406470"><ele>46.0</ele></trkpt>
      <trkpt lat="38.6477220" lon="0.0408750"><ele>45.0</ele></trkpt>
      <trkpt lat="38.6475750" lon="0.0411050"><ele>43.0</ele></trkpt>
      <trkpt lat="38.6472850" lon="0.0415830"><ele>40.0</ele></trkpt>
      <trkpt lat="38.6471610" lon="0.0418360"><ele>36.0</ele></trkpt>
      <trkpt lat="38.6471310" lon="0.0419780"><ele>33.0</ele></trkpt>
      <trkpt lat="38.6470790" lon="0.0422870"><ele>32.0</ele></trkpt>
      <trkpt lat="38.6471810" lon="0.0425450"><ele>31.0</ele></trkpt>
      <trkpt lat="38.6473320" lon="0.0426390"><ele>32.0</ele></trkpt>
      <trkpt lat="38.6475280" lon="0.0426840"><ele>35.0</ele></trkpt>
      <trkpt lat="38.6477180" lon="0.0427250"><ele>37.0</ele></trkpt>
      <trkpt lat="38.6478080" lon="0.0424590"><ele>38.0</ele></trkpt>
      <trkpt lat="38.6479060" lon="0.0423850"><ele>39.0</ele></trkpt>
      <trkpt lat="38.6483070" lon="0.0433290"><ele>36.0</ele></trkpt>
      <trkpt lat="38.6485830" lon="0.0435440"><ele>37.0</ele></trkpt>
      <trkpt lat="38.6491350" lon="0.0436210"><ele>36.0</ele></trkpt>
      <trkpt lat="38.6492880" lon="0.0437200"><ele>35.0</ele></trkpt>
      <trkpt lat="38.6501870" lon="0.0437200"><ele>34.0</ele></trkpt>
      <trkpt lat="38.6504430" lon="0.0436660"><ele>34.0</ele></trkpt>
      <trkpt lat="38.6507370" lon="0.0435720"><ele>35.0</ele></trkpt>
      <trkpt lat="38.6509760" lon="0.0435300"><ele>36.0</ele></trkpt>
      <trkpt lat="38.6516510" lon="0.0435660"><ele>32.0</ele></trkpt>
      <trkpt lat="38.6519930" lon="0.0435110"><ele>34.0</ele></trkpt>
      <trkpt lat="38.6523950" lon="0.0434270"><ele>36.0</ele></trkpt>
      <trkpt lat="38.6526850" lon="0.0432740"><ele>37.0</ele></trkpt>
      <trkpt lat="38.6530650" lon="0.0431040"><ele>36.0</ele></trkpt>
      <trkpt lat="38.6533500" lon="0.0430050"><ele>36.0</ele></trkpt>
      <trkpt lat="38.6537990" lon="0.0427990"><ele>38.0</ele></trkpt>
      <trkpt lat="38.6540510" lon="0.0426970"><ele>39.0</ele></trkpt>
      <trkpt lat="38.6545730" lon="0.0426150"><ele>37.0</ele></trkpt>
      <trkpt lat="38.6546890" lon="0.0425770"><ele>36.0</ele></trkpt>
      <trkpt lat="38.6549110" lon="0.0425240"><ele>35.0</ele></trkpt>
      <trkpt lat="38.6550590" lon="0.0426320"><ele>34.0</ele></trkpt>
      <trkpt lat="38.6551850" lon="0.0427900"><ele>34.0</ele></trkpt>
      <trkpt lat="38.6552530" lon="0.0429280"><ele>33.0</ele></trkpt>
      <trkpt lat="38.6552950" lon="0.0431620"><ele>33.0</ele></trkpt>
      <trkpt lat="38.6553170" lon="0.0435990"><ele>29.0</ele></trkpt>
      <trkpt lat="38.6549510" lon="0.0442210"><ele>23.0</ele></trkpt>
      <trkpt lat="38.6549170" lon="0.0444030"><ele>24.0</ele></trkpt>
      <trkpt lat="38.6549930" lon="0.0445190"><ele>25.0</ele></trkpt>
      <trkpt lat="38.6550650" lon="0.0446590"><ele>25.0</ele></trkpt>
      <trkpt lat="38.6551270" lon="0.0447760"><ele>26.0</ele></trkpt>
      <trkpt lat="38.6551910" lon="0.0448390"><ele>25.0</ele></trkpt>
      <trkpt lat="38.6552960" lon="0.0448880"><ele>25.0</ele></trkpt>
      <trkpt lat="38.6553650" lon="0.0451330"><ele>24.0</ele></trkpt>
      <trkpt lat="38.6553390" lon="0.0452580"><ele>22.0</ele></trkpt>
      <trkpt lat="38.6552290" lon="0.0454210"><ele>20.0</ele></trkpt>
      <trkpt lat="38.6551220" lon="0.0455250"><ele>19.0</ele></trkpt>
      <trkpt lat="38.6549340" lon="0.0456930"><ele>19.0</ele></trkpt>
      <trkpt lat="38.6545350" lon="0.0458430"><ele>17.0</ele></trkpt>
      <trkpt lat="38.6544160" lon="0.0458080"><ele>16.0</ele></trkpt>
      <trkpt lat="38.6543380" lon="0.0458460"><ele>16.0</ele></trkpt>
      <trkpt lat="38.6542240" lon="0.0459010"><ele>16.0</ele></trkpt>
      <trkpt lat="38.6540690" lon="0.0459710"><ele>17.0</ele></trkpt>
      <trkpt lat="38.6539660" lon="0.0460700"><ele>18.0</ele></trkpt>
      <trkpt lat="38.6539170" lon="0.0461450"><ele>19.0</ele></trkpt>
      <trkpt lat="38.6538910" lon="0.0464060"><ele>20.0</ele></trkpt>
      <trkpt lat="38.6539630" lon="0.0465440"><ele>19.0</ele></trkpt>
      <trkpt lat="38.6540310" lon="0.0466820"><ele>19.0</ele></trkpt>
      <trkpt lat="38.6540970" lon="0.0468030"><ele>19.0</ele></trkpt>
      <trkpt lat="38.6543980" lon="0.0469270"><ele>25.0</ele></trkpt>
      <trkpt lat="38.6549030" lon="0.0469730"><ele>33.0</ele></trkpt>
      <trkpt lat="38.6551520" lon="0.0470450"><ele>38.0</ele></trkpt>
      <trkpt lat="38.6553260" lon="0.0471140"><ele>40.0</ele></trkpt>
      <trkpt lat="38.6553840" lon="0.0472280"><ele>43.0</ele></trkpt>
      <trkpt lat="38.6554590" lon="0.0473220"><ele>44.0</ele></trkpt>
      <trkpt lat="38.6554110" lon="0.0475410"><ele>45.0</ele></trkpt>
      <trkpt lat="38.6553170" lon="0.0476730"><ele>44.0</ele></trkpt>
      <trkpt lat="38.6552340" lon="0.0477200"><ele>43.0</ele></trkpt>
      <trkpt lat="38.6551400" lon="0.0477660"><ele>42.0</ele></trkpt>
      <trkpt lat="38.6550820" lon="0.0478070"><ele>41.0</ele></trkpt>
      <trkpt lat="38.6550640" lon="0.0479530"><ele>40.0</ele></trkpt>
      <trkpt lat="38.6551240" lon="0.0482980"><ele>39.0</ele></trkpt>
      <trkpt lat="38.6551880" lon="0.0486260"><ele>39.0</ele></trkpt>
      <trkpt lat="38.6552560" lon="0.0489410"><ele>39.0</ele></trkpt>
      <trkpt lat="38.6553290" lon="0.0492430"><ele>40.0</ele></trkpt>
      <trkpt lat="38.6554060" lon="0.0495350"><ele>40.0</ele></trkpt>
      <trkpt lat="38.6554870" lon="0.0498190"><ele>38.0</ele></trkpt>
      <trkpt lat="38.6555710" lon="0.0500980"><ele>37.0</ele></trkpt>
      <trkpt lat="38.6556590" lon="0.0503730"><ele>36.0</ele></trkpt>
      <trkpt lat="38.6557230" lon="0.0506810"><ele>37.0</ele></trkpt>
      <trkpt lat="38.6556260" lon="0.0513900"><ele>38.0</ele></trkpt>
      <trkpt lat="38.6555580" lon="0.0516940"><ele>36.0</ele></trkpt>
      <trkpt lat="38.6554740" lon="0.0519530"><ele>33.0</ele></trkpt>
      <trkpt lat="38.6554050" lon="0.0520700"><ele>32.0</ele></trkpt>
      <trkpt lat="38.6552570" lon="0.0523630"><ele>31.0</ele></trkpt>
      <trkpt lat="38.6551210" lon="0.0525650"><ele>30.0</ele></trkpt>
      <trkpt lat="38.6549560" lon="0.0528930"><ele>29.0</ele></trkpt>
      <trkpt lat="38.6550400" lon="0.0531440"><ele>30.0</ele></trkpt>
      <trkpt lat="38.6548910" lon="0.0536830"><ele>26.0</ele></trkpt>
      <trkpt lat="38.6548140" lon="0.0539480"><ele>22.0</ele></trkpt>
      <trkpt lat="38.6547910" lon="0.0551440"><ele>17.0</ele></trkpt>
      <trkpt lat="38.6546250" lon="0.0556460"><ele>18.0</ele></trkpt>
      <trkpt lat="38.6548000" lon="0.0567860"><ele>20.0</ele></trkpt>
      <trkpt lat="38.6549250" lon="0.0569680"><ele>24.0</ele></trkpt>
      <trkpt lat="38.6557790" lon="0.0572620"><ele>23.0</ele></trkpt>
      <trkpt lat="38.6561440" lon="0.0575170"><ele>26.0</ele></trkpt>
      <trkpt lat="38.6565270" lon="0.0577810"><ele>28.0</ele></trkpt>
      <trkpt lat="38.6572570" lon="0.0579050"><ele>22.0</ele></trkpt>
      <trkpt lat="38.6574290" lon="0.0581340"><ele>30.0</ele></trkpt>
      <trkpt lat="38.6575340" lon="0.0582220"><ele>34.0</ele></trkpt>
      <trkpt lat="38.6578100" lon="0.0586510"><ele>40.0</ele></trkpt>
      <trkpt lat="38.6579090" lon="0.0587950"><ele>41.0</ele></trkpt>
      <trkpt lat="38.6579920" lon="0.0590500"><ele>44.0</ele></trkpt>
      <trkpt lat="38.6580500" lon="0.0591640"><ele>46.0</ele></trkpt>
      <trkpt lat="38.6581190" lon="0.0593270"><ele>47.0</ele></trkpt>
      <trkpt lat="38.6582090" lon="0.0594370"><ele>48.0</ele></trkpt>
      <trkpt lat="38.6583440" lon="0.0596290"><ele>50.0</ele></trkpt>
      <trkpt lat="38.6583920" lon="0.0597460"><ele>51.0</ele></trkpt>
      <trkpt lat="38.6584380" lon="0.0598100"><ele>52.0</ele></trkpt>
      <trkpt lat="38.6584940" lon="0.0598630"><ele>53.0</ele></trkpt>
      <trkpt lat="38.6586290" lon="0.0599870"><ele>58.0</ele></trkpt>
      <trkpt lat="38.6587240" lon="0.0600270"><ele>61.0</ele></trkpt>
      <trkpt lat="38.6588890" lon="0.0600880"><ele>66.0</ele></trkpt>
      <trkpt lat="38.6594160" lon="0.0601620"><ele>70.0</ele></trkpt>
      <trkpt lat="38.6595150" lon="0.0603040"><ele>69.0</ele></trkpt>
      <trkpt lat="38.6596850" lon="0.0606180"><ele>70.0</ele></trkpt>
      <trkpt lat="38.6597640" lon="0.0608970"><ele>70.0</ele></trkpt>
      <trkpt lat="38.6598250" lon="0.0611010"><ele>69.0</ele></trkpt>
      <trkpt lat="38.6599750" lon="0.0612210"><ele>63.0</ele></trkpt>
      <trkpt lat="38.6601610" lon="0.0612620"><ele>60.0</ele></trkpt>
      <trkpt lat="38.6605310" lon="0.0613450"><ele>60.0</ele></trkpt>
      <trkpt lat="38.6606510" lon="0.0615590"><ele>59.0</ele></trkpt>
      <trkpt lat="38.6607750" lon="0.0617120"><ele>59.0</ele></trkpt>
      <trkpt lat="38.6609390" lon="0.0618750"><ele>60.0</ele></trkpt>
      <trkpt lat="38.6612350" lon="0.0617980"><ele>61.0</ele></trkpt>
      <trkpt lat="38.6612870" lon="0.0615280"><ele>60.0</ele></trkpt>
      <trkpt lat="38.6613230" lon="0.0614370"><ele>60.0</ele></trkpt>
      <trkpt lat="38.6612690" lon="0.0612490"><ele>59.0</ele></trkpt>
      <trkpt lat="38.6613060" lon="0.0611070"><ele>59.0</ele></trkpt>
      <trkpt lat="38.6613690" lon="0.0609880"><ele>59.0</ele></trkpt>
      <trkpt lat="38.6616280" lon="0.0605620"><ele>54.0</ele></trkpt>
      <trkpt lat="38.6618370" lon="0.0602060"><ele>55.0</ele></trkpt>
      <trkpt lat="38.6619340" lon="0.0599930"><ele>54.0</ele></trkpt>
      <trkpt lat="38.6620230" lon="0.0598600"><ele>54.0</ele></trkpt>
      <trkpt lat="38.6620630" lon="0.0597760"><ele>54.0</ele></trkpt>
      <trkpt lat="38.6620870" lon="0.0596900"><ele>53.0</ele></trkpt>
      <trkpt lat="38.6621090" lon="0.0595700"><ele>52.0</ele></trkpt>
      <trkpt lat="38.6621510" lon="0.0594270"><ele>52.0</ele></trkpt>
      <trkpt lat="38.6622070" lon="0.0593670"><ele>51.0</ele></trkpt>
      <trkpt lat="38.6623030" lon="0.0591460"><ele>46.0</ele></trkpt>
      <trkpt lat="38.6623980" lon="0.0589670"><ele>44.0</ele></trkpt>
      <trkpt lat="38.6625660" lon="0.0586810"><ele>44.0</ele></trkpt>
      <trkpt lat="38.6627640" lon="0.0584350"><ele>45.0</ele></trkpt>
      <trkpt lat="38.6628860" lon="0.0582550"><ele>44.0</ele></trkpt>
      <trkpt lat="38.6629870" lon="0.0581250"><ele>42.0</ele></trkpt>
      <trkpt lat="38.6632680" lon="0.0579750"><ele>39.0</ele></trkpt>
      <trkpt lat="38.6634840" lon="0.0578320"><ele>39.0</ele></trkpt>
      <trkpt lat="38.6635480" lon="0.0577030"><ele>39.0</ele></trkpt>
      <trkpt lat="38.6638120" lon="0.0573010"><ele>39.0</ele></trkpt>
      <trkpt lat="38.6638600" lon="0.0570510"><ele>37.0</ele></trkpt>
      <trkpt lat="38.6638850" lon="0.0569340"><ele>36.0</ele></trkpt>
      <trkpt lat="38.6639780" lon="0.0567480"><ele>34.0</ele></trkpt>
      <trkpt lat="38.6640970" lon="0.0565240"><ele>36.0</ele></trkpt>
      <trkpt lat="38.6642250" lon="0.0563250"><ele>37.0</ele></trkpt>
      <trkpt lat="38.6643670" lon="0.0561780"><ele>36.0</ele></trkpt>
      <trkpt lat="38.6644850" lon="0.0561240"><ele>35.0</ele></trkpt>
      <trkpt lat="38.6646890" lon="0.0560190"><ele>33.0</ele></trkpt>
      <trkpt lat="38.6648560" lon="0.0559080"><ele>31.0</ele></trkpt>
      <trkpt lat="38.6649810" lon="0.0557930"><ele>31.0</ele></trkpt>
      <trkpt lat="38.6651810" lon="0.0556830"><ele>32.0</ele></trkpt>
      <trkpt lat="38.6653210" lon="0.0555730"><ele>33.0</ele></trkpt>
      <trkpt lat="38.6654570" lon="0.0554540"><ele>34.0</ele></trkpt>
      <trkpt lat="38.6655910" lon="0.0553310"><ele>34.0</ele></trkpt>
      <trkpt lat="38.6657250" lon="0.0552060"><ele>35.0</ele></trkpt>
      <trkpt lat="38.6658590" lon="0.0550830"><ele>35.0</ele></trkpt>
      <trkpt lat="38.6659960" lon="0.0549660"><ele>36.0</ele></trkpt>
      <trkpt lat="38.6661370" lon="0.0548560"><ele>36.0</ele></trkpt>
      <trkpt lat="38.6662840" lon="0.0547590"><ele>38.0</ele></trkpt>
      <trkpt lat="38.6664360" lon="0.0547220"><ele>39.0</ele></trkpt>
      <trkpt lat="38.6665870" lon="0.0546830"><ele>40.0</ele></trkpt>
      <trkpt lat="38.6667390" lon="0.0546430"><ele>40.0</ele></trkpt>
      <trkpt lat="38.6668920" lon="0.0546040"><ele>39.0</ele></trkpt>
      <trkpt lat="38.6670440" lon="0.0545700"><ele>38.0</ele></trkpt>
      <trkpt lat="38.6671980" lon="0.0545420"><ele>38.0</ele></trkpt>
      <trkpt lat="38.6673520" lon="0.0545230"><ele>38.0</ele></trkpt>
      <trkpt lat="38.6675070" lon="0.0545150"><ele>38.0</ele></trkpt>
      <trkpt lat="38.6677410" lon="0.0543410"><ele>39.0</ele></trkpt>
      <trkpt lat="38.6679260" lon="0.0541920"><ele>40.0</ele></trkpt>
      <trkpt lat="38.6682870" lon="0.0538880"><ele>41.0</ele></trkpt>
      <trkpt lat="38.6685540" lon="0.0537320"><ele>40.0</ele></trkpt>
      <trkpt lat="38.6687150" lon="0.0536260"><ele>39.0</ele></trkpt>
      <trkpt lat="38.6689170" lon="0.0536560"><ele>39.0</ele></trkpt>
      <trkpt lat="38.6689870" lon="0.0537140"><ele>40.0</ele></trkpt>
      <trkpt lat="38.6690680" lon="0.0538590"><ele>42.0</ele></trkpt>
      <trkpt lat="38.6690550" lon="0.0539380"><ele>43.0</ele></trkpt>
      <trkpt lat="38.6690280" lon="0.0540020"><ele>44.0</ele></trkpt>
      <trkpt lat="38.6689670" lon="0.0540680"><ele>44.0</ele></trkpt>
      <trkpt lat="38.6688950" lon="0.0541730"><ele>44.0</ele></trkpt>
      <trkpt lat="38.6688330" lon="0.0542970"><ele>46.0</ele></trkpt>
      <trkpt lat="38.6687710" lon="0.0544230"><ele>48.0</ele></trkpt>
      <trkpt lat="38.6686200" lon="0.0547210"><ele>52.0</ele></trkpt>
      <trkpt lat="38.6685760" lon="0.0548010"><ele>52.0</ele></trkpt>
      <trkpt lat="38.6684640" lon="0.0549630"><ele>51.0</ele></trkpt>
      <trkpt lat="38.6683970" lon="0.0550460"><ele>50.0</ele></trkpt>
      <trkpt lat="38.6683610" lon="0.0551030"><ele>49.0</ele></trkpt>
      <trkpt lat="38.6683280" lon="0.0551680"><ele>48.0</ele></trkpt>
      <trkpt lat="38.6683130" lon="0.0552540"><ele>47.0</ele></trkpt>
      <trkpt lat="38.6683430" lon="0.0554080"><ele>46.0</ele></trkpt>
      <trkpt lat="38.6684100" lon="0.0556220"><ele>47.0</ele></trkpt>
      <trkpt lat="38.6684990" lon="0.0558320"><ele>51.0</ele></trkpt>
      <trkpt lat="38.6685620" lon="0.0559730"><ele>55.0</ele></trkpt>
      <trkpt lat="38.6685790" lon="0.0560720"><ele>57.0</ele></trkpt>
      <trkpt lat="38.6686110" lon="0.0562090"><ele>60.0</ele></trkpt>
      <trkpt lat="38.6686600" lon="0.0563360"><ele>61.0</ele></trkpt>
      <trkpt lat="38.6687270" lon="0.0564180"><ele>62.0</ele></trkpt>
      <trkpt lat="38.6687480" lon="0.0564300"><ele>62.0</ele></trkpt>
      <trkpt lat="38.6687270" lon="0.0564670"><ele>62.0</ele></trkpt>
      <trkpt lat="38.6686680" lon="0.0565010"><ele>63.0</ele></trkpt>
      <trkpt lat="38.6686080" lon="0.0565520"><ele>63.0</ele></trkpt>
      <trkpt lat="38.6685680" lon="0.0566220"><ele>63.0</ele></trkpt>
      <trkpt lat="38.6684450" lon="0.0569600"><ele>60.0</ele></trkpt>
      <trkpt lat="38.6682850" lon="0.0574470"><ele>55.0</ele></trkpt>
      <trkpt lat="38.6681650" lon="0.0578310"><ele>54.0</ele></trkpt>
      <trkpt lat="38.6680880" lon="0.0580460"><ele>54.0</ele></trkpt>
      <trkpt lat="38.6679900" lon="0.0583930"><ele>54.0</ele></trkpt>
      <trkpt lat="38.6679760" lon="0.0586710"><ele>53.0</ele></trkpt>
      <trkpt lat="38.6679400" lon="0.0592210"><ele>53.0</ele></trkpt>
      <trkpt lat="38.6679050" lon="0.0596020"><ele>52.0</ele></trkpt>
      <trkpt lat="38.6678730" lon="0.0596740"><ele>51.0</ele></trkpt>
      <trkpt lat="38.6680580" lon="0.0599220"><ele>52.0</ele></trkpt>
      <trkpt lat="38.6680440" lon="0.0599660"><ele>52.0</ele></trkpt>
      <trkpt lat="38.6680360" lon="0.0607830"><ele>47.0</ele></trkpt>
      <trkpt lat="38.6679500" lon="0.0612650"><ele>54.0</ele></trkpt>
      <trkpt lat="38.6679370" lon="0.0614090"><ele>57.0</ele></trkpt>
      <trkpt lat="38.6679270" lon="0.0623120"><ele>68.0</ele></trkpt>
      <trkpt lat="38.6679190" lon="0.0624530"><ele>69.0</ele></trkpt>
      <trkpt lat="38.6678690" lon="0.0626080"><ele>70.0</ele></trkpt>
      <trkpt lat="38.6677740" lon="0.0628360"><ele>70.0</ele></trkpt>
      <trkpt lat="38.6677430" lon="0.0629120"><ele>70.0</ele></trkpt>
      <trkpt lat="38.6677810" lon="0.0630420"><ele>71.0</ele></trkpt>
      <trkpt lat="38.6677810" lon="0.0630420"><ele>71.0</ele></trkpt>
      <trkpt lat="38.6678370" lon="0.0631470"><ele>74.0</ele></trkpt>
      <trkpt lat="38.6679420" lon="0.0632250"><ele>79.0</ele></trkpt>
      <trkpt lat="38.6681050" lon="0.0631330"><ele>82.0</ele></trkpt>
      <trkpt lat="38.6682170" lon="0.0631850"><ele>86.0</ele></trkpt>
    </trkseg>
  </trk>
</gpx>